date,regime
1993-07,Disinflation
1993-08,Goldilocks
1993-09,Disinflation
1993-10,Goldilocks
1993-11,Disinflation
1993-12,Goldilocks
1994-01,Reflation
1994-02,Reflation
1994-03,Reflation
1994-04,Reflation
1994-05,Reflation
1994-06,Reflation
1994-07,Reflation
1994-08,Reflation
1994-09,Reflation
1994-10,Reflation
1994-11,Reflation
1994-12,Reflation
1995-01,Goldilocks
1995-02,Reflation
1995-03,Reflation
1995-04,Goldilocks
1995-05,Goldilocks
1995-06,Goldilocks
1995-07,Goldilocks
1995-08,Goldilocks
1995-09,Goldilocks
1995-10,Goldilocks
1995-11,Reflation
1995-12,Reflation
1996-01,Reflation
1996-02,Reflation
1996-03,Reflation
1996-04,Reflation
1996-05,Reflation
1996-06,Reflation
1996-07,Reflation
1996-08,Reflation
1996-09,Reflation
1996-10,Goldilocks
1996-11,Reflation
1996-12,Reflation
1997-01,Reflation
1997-02,Goldilocks
1997-03,Goldilocks
1997-04,Goldilocks
1997-05,Goldilocks
1997-06,Goldilocks
1997-07,Goldilocks
1997-08,Reflation
1997-09,Reflation
1997-10,Reflation
1997-11,Goldilocks
1997-12,Goldilocks
1998-01,Disinflation
1998-02,Goldilocks
1998-03,Goldilocks
1998-04,Goldilocks
1998-05,Goldilocks
1998-06,Goldilocks
1998-07,Goldilocks
1998-08,Disinflation
1998-09,Disinflation
1998-10,Disinflation
1998-11,Goldilocks
1998-12,Goldilocks
1999-01,Goldilocks
1999-02,Goldilocks
1999-03,Reflation
1999-04,Reflation
1999-05,Reflation
1999-06,Reflation
1999-07,Reflation
1999-08,Reflation
1999-09,Reflation
1999-10,Reflation
1999-11,Reflation
1999-12,Reflation
2000-01,Reflation
2000-02,Reflation
2000-03,Reflation
2000-04,Reflation
2000-05,Reflation
2000-06,Stagflation
2000-07,Stagflation
2000-08,Reflation
2000-09,Stagflation
2000-10,Stagflation
2000-11,Stagflation
2000-12,Disinflation
2001-01,Disinflation
2001-02,Disinflation
2001-03,Disinflation
2001-04,Disinflation
2001-05,Disinflation
2001-06,Disinflation
2001-07,Disinflation
2001-08,Disinflation
2001-09,Disinflation
2001-10,Disinflation
2001-11,Disinflation
2001-12,Disinflation
2002-01,Disinflation
2002-02,Disinflation
2002-03,Reflation
2002-04,Reflation
2002-05,Stagflation
2002-06,Stagflation
2002-07,Stagflation
2002-08,Stagflation
2002-09,Disinflation
2002-10,Disinflation
2002-11,Stagflation
2002-12,Stagflation
2003-01,Stagflation
2003-02,Stagflation
2003-03,Reflation
2003-04,Goldilocks
2003-05,Stagflation
2003-06,Goldilocks
2003-07,Goldilocks
2003-08,Goldilocks
2003-09,Goldilocks
2003-10,Reflation
2003-11,Reflation
2003-12,Reflation
2004-01,Reflation
2004-02,Reflation
2004-03,Reflation
2004-04,Reflation
2004-05,Reflation
2004-06,Reflation
2004-07,Stagflation
2004-08,Stagflation
2004-09,Stagflation
2004-10,Stagflation
2004-11,Reflation
2004-12,Reflation
2005-01,Reflation
2005-02,Reflation
2005-03,Reflation
2005-04,Reflation
2005-05,Stagflation
2005-06,Stagflation
2005-07,Reflation
2005-08,Stagflation
2005-09,Reflation
2005-10,Reflation
2005-11,Reflation
2005-12,Reflation
2006-01,Reflation
2006-02,Goldilocks
2006-03,Goldilocks
2006-04,Reflation
2006-05,Reflation
2006-06,Reflation
2006-07,Reflation
2006-08,Reflation
2006-09,Disinflation
2006-10,Goldilocks
2006-11,Goldilocks
2006-12,Goldilocks
2007-01,Goldilocks
2007-02,Goldilocks
2007-03,Reflation
2007-04,Reflation
2007-05,Reflation
2007-06,Reflation
2007-07,Stagflation
2007-08,Goldilocks
2007-09,Reflation
2007-10,Reflation
2007-11,Stagflation
2007-12,Stagflation
2008-01,Stagflation
2008-02,Stagflation
2008-03,Stagflation
2008-04,Stagflation
2008-05,Stagflation
2008-06,Stagflation
2008-07,Stagflation
2008-08,Stagflation
2008-09,Disinflation
2008-10,Disinflation
2008-11,Disinflation
2008-12,Disinflation
2009-01,Disinflation
2009-02,Disinflation
2009-03,Disinflation
2009-04,Disinflation
2009-05,Reflation
2009-06,Reflation
2009-07,Reflation
2009-08,Reflation
2009-09,Reflation
2009-10,Reflation
2009-11,Reflation
2009-12,Reflation
2010-01,Goldilocks
2010-02,Reflation
2010-03,Reflation
2010-04,Reflation
2010-05,Disinflation
2010-06,Disinflation
2010-07,Disinflation
2010-08,Disinflation
2010-09,Disinflation
2010-10,Disinflation
2010-11,Reflation
2010-12,Reflation
2011-01,Reflation
2011-02,Reflation
2011-03,Reflation
2011-04,Reflation
2011-05,Reflation
2011-06,Reflation
2011-07,Disinflation
2011-08,Disinflation
2011-09,Disinflation
2011-10,Disinflation
2011-11,Disinflation
2011-12,Disinflation
2012-01,Disinflation
2012-02,Goldilocks
2012-03,Reflation
2012-04,Goldilocks
2012-05,Goldilocks
2012-06,Goldilocks
2012-07,Goldilocks
2012-08,Disinflation
2012-09,Disinflation
2012-10,Disinflation
2012-11,Reflation
2012-12,Reflation
2013-01,Reflation
2013-02,Goldilocks
2013-03,Goldilocks
2013-04,Goldilocks
2013-05,Goldilocks
2013-06,Goldilocks
2013-07,Goldilocks
2013-08,Reflation
2013-09,Goldilocks
2013-10,Reflation
2013-11,Reflation
2013-12,Reflation
2014-01,Goldilocks
2014-02,Goldilocks
2014-03,Reflation
2014-04,Reflation
2014-05,Goldilocks
2014-06,Goldilocks
2014-07,Goldilocks
2014-08,Goldilocks
2014-09,Goldilocks
2014-10,Goldilocks
2014-11,Goldilocks
2014-12,Goldilocks
2015-01,Disinflation
2015-02,Goldilocks
2015-03,Goldilocks
2015-04,Goldilocks
2015-05,Goldilocks
2015-06,Goldilocks
2015-07,Goldilocks
2015-08,Disinflation
2015-09,Disinflation
2015-10,Goldilocks
2015-11,Disinflation
2015-12,Disinflation
2016-01,Disinflation
2016-02,Disinflation
2016-03,Goldilocks
2016-04,Disinflation
2016-05,Disinflation
2016-06,Stagflation
2016-07,Reflation
2016-08,Reflation
2016-09,Reflation
2016-10,Reflation
2016-11,Reflation
2016-12,Reflation
2017-01,Reflation
2017-02,Reflation
2017-03,Reflation
2017-04,Reflation
2017-05,Goldilocks
2017-06,Goldilocks
2017-07,Goldilocks
2017-08,Goldilocks
2017-09,Goldilocks
2017-10,Reflation
2017-11,Reflation
2017-12,Reflation
2018-01,Reflation
2018-02,Reflation
2018-03,Reflation
2018-04,Reflation
2018-05,Reflation
2018-06,Reflation
2018-07,Reflation
2018-08,Reflation
2018-09,Reflation
2018-10,Goldilocks
2018-11,Goldilocks
2018-12,Disinflation
2019-01,Disinflation
2019-02,Disinflation
2019-03,Disinflation
2019-04,Goldilocks
2019-05,Disinflation
2019-06,Reflation
2019-07,Goldilocks
2019-08,Disinflation
2019-09,Disinflation
2019-10,Disinflation
2019-11,Goldilocks
2019-12,Reflation
2020-01,Goldilocks
2020-02,Disinflation
2020-03,Disinflation
2020-04,Disinflation
2020-05,Disinflation
2020-06,Disinflation
2020-07,Disinflation
2020-08,Goldilocks
2020-09,Reflation
2020-10,Reflation
2020-11,Reflation
2020-12,Reflation
2021-01,Reflation
2021-02,Reflation
2021-03,Reflation
2021-04,Reflation
2021-05,Reflation
2021-06,Reflation
2021-07,Reflation
2021-08,Reflation
2021-09,Reflation
2021-10,Reflation
2021-11,Reflation
2021-12,Reflation
2022-01,Reflation
2022-02,Reflation
2022-03,Reflation
2022-04,Reflation
2022-05,Reflation
2022-06,Stagflation
2022-07,Stagflation
2022-08,Reflation
2022-09,Stagflation
2022-10,Goldilocks
2022-11,Goldilocks
2022-12,Goldilocks
2023-01,Reflation
2023-02,Goldilocks
2023-03,Goldilocks
2023-04,Goldilocks
2023-05,Goldilocks
2023-06,Goldilocks
2023-07,Reflation
2023-08,Reflation
2023-09,Reflation
2023-10,Reflation
2023-11,Reflation
2023-12,Reflation
2024-01,Goldilocks
2024-02,Goldilocks
2024-03,Goldilocks
2024-04,Goldilocks
2024-05,Reflation
2024-06,Reflation
2024-07,Goldilocks
2024-08,Goldilocks
2024-09,Goldilocks
2024-10,Goldilocks
2024-11,Goldilocks
2024-12,Goldilocks
2025-01,Reflation
2025-02,Reflation
2025-03,Stagflation
2025-04,Disinflation
2025-05,Disinflation
2025-06,Goldilocks
2025-07,Goldilocks
2025-08,Goldilocks
2025-09,Goldilocks
2025-10,Reflation
2025-11,Reflation
2025-12,Reflation
2026-01,Reflation
2026-02,Reflation
2026-03,Stagflation
2026-04,Reflation
2026-05,Reflation
2026-06,Reflation
2026-07,Reflation
2026-08,Reflation
2026-09,Reflation
