,rt_raw,rt_smooth3,rt_smooth3_persist3,rt_raw_persist3,rt_raw_extralag1,rt_raw_extralag2,rt_raw_extralag3,revised_lag1,revised_lag2,revised_lag2_smooth3_persist3
1990-01,Disinflation,,,Disinflation,Disinflation,Disinflation,Disinflation,Disinflation,Disinflation,
1990-02,Stagflation,,,Disinflation,Disinflation,Disinflation,Disinflation,Stagflation,Disinflation,
1990-03,Stagflation,Stagflation,Stagflation,Disinflation,Stagflation,Disinflation,Disinflation,Reflation,Stagflation,Disinflation
1990-04,Stagflation,Stagflation,Stagflation,Stagflation,Stagflation,Stagflation,Disinflation,Reflation,Reflation,Disinflation
1990-05,Stagflation,Stagflation,Stagflation,Stagflation,Stagflation,Stagflation,Stagflation,Reflation,Reflation,Disinflation
1990-06,Goldilocks,Stagflation,Stagflation,Stagflation,Stagflation,Stagflation,Stagflation,Goldilocks,Reflation,Disinflation
1990-07,Reflation,Disinflation,Stagflation,Stagflation,Goldilocks,Stagflation,Stagflation,Reflation,Goldilocks,Disinflation
1990-08,Goldilocks,Goldilocks,Stagflation,Stagflation,Reflation,Goldilocks,Stagflation,Goldilocks,Reflation,Disinflation
1990-09,Reflation,Reflation,Stagflation,Stagflation,Goldilocks,Reflation,Goldilocks,Reflation,Goldilocks,Disinflation
1990-10,Reflation,Reflation,Stagflation,Stagflation,Reflation,Goldilocks,Reflation,Reflation,Reflation,Disinflation
1990-11,Reflation,Reflation,Reflation,Reflation,Reflation,Reflation,Goldilocks,Reflation,Reflation,Disinflation
1990-12,Stagflation,Reflation,Reflation,Reflation,Reflation,Reflation,Reflation,Stagflation,Reflation,Reflation
1991-01,Stagflation,Stagflation,Reflation,Reflation,Stagflation,Reflation,Reflation,Stagflation,Stagflation,Reflation
1991-02,Stagflation,Stagflation,Reflation,Stagflation,Stagflation,Stagflation,Reflation,Stagflation,Stagflation,Reflation
1991-03,Disinflation,Stagflation,Stagflation,Stagflation,Stagflation,Stagflation,Stagflation,Disinflation,Stagflation,Reflation
1991-04,Disinflation,Disinflation,Stagflation,Stagflation,Disinflation,Stagflation,Stagflation,Disinflation,Disinflation,Stagflation
1991-05,Disinflation,Disinflation,Stagflation,Disinflation,Disinflation,Disinflation,Stagflation,Disinflation,Disinflation,Stagflation
1991-06,Disinflation,Disinflation,Disinflation,Disinflation,Disinflation,Disinflation,Disinflation,Disinflation,Disinflation,Stagflation
1991-07,Disinflation,Disinflation,Disinflation,Disinflation,Disinflation,Disinflation,Disinflation,Disinflation,Disinflation,Disinflation
1991-08,Disinflation,Disinflation,Disinflation,Disinflation,Disinflation,Disinflation,Disinflation,Disinflation,Disinflation,Disinflation
1991-09,Goldilocks,Disinflation,Disinflation,Disinflation,Disinflation,Disinflation,Disinflation,Goldilocks,Disinflation,Disinflation
1991-10,Goldilocks,Goldilocks,Disinflation,Disinflation,Goldilocks,Disinflation,Disinflation,Goldilocks,Goldilocks,Disinflation
1991-11,Goldilocks,Goldilocks,Disinflation,Goldilocks,Goldilocks,Goldilocks,Disinflation,Goldilocks,Goldilocks,Disinflation
1991-12,Goldilocks,Goldilocks,Goldilocks,Goldilocks,Goldilocks,Goldilocks,Goldilocks,Goldilocks,Goldilocks,Disinflation
1992-01,Goldilocks,Goldilocks,Goldilocks,Goldilocks,Goldilocks,Goldilocks,Goldilocks,Goldilocks,Goldilocks,Goldilocks
1992-02,Goldilocks,Goldilocks,Goldilocks,Goldilocks,Goldilocks,Goldilocks,Goldilocks,Goldilocks,Goldilocks,Goldilocks
1992-03,Goldilocks,Goldilocks,Goldilocks,Goldilocks,Goldilocks,Goldilocks,Goldilocks,Goldilocks,Goldilocks,Goldilocks
1992-04,Goldilocks,Goldilocks,Goldilocks,Goldilocks,Goldilocks,Goldilocks,Goldilocks,Goldilocks,Goldilocks,Goldilocks
1992-05,Reflation,Goldilocks,Goldilocks,Goldilocks,Goldilocks,Goldilocks,Goldilocks,Reflation,Goldilocks,Goldilocks
1992-06,Reflation,Reflation,Goldilocks,Goldilocks,Reflation,Goldilocks,Goldilocks,Goldilocks,Reflation,Goldilocks
1992-07,Reflation,Reflation,Goldilocks,Reflation,Reflation,Reflation,Goldilocks,Reflation,Goldilocks,Goldilocks
1992-08,Reflation,Reflation,Reflation,Reflation,Reflation,Reflation,Reflation,Reflation,Reflation,Goldilocks
1992-09,Stagflation,Reflation,Reflation,Reflation,Reflation,Reflation,Reflation,Reflation,Reflation,Reflation
1992-10,Disinflation,Stagflation,Reflation,Reflation,Stagflation,Reflation,Reflation,Disinflation,Reflation,Reflation
1992-11,Stagflation,Stagflation,Reflation,Reflation,Disinflation,Stagflation,Reflation,Stagflation,Disinflation,Reflation
1992-12,Stagflation,Disinflation,Reflation,Reflation,Stagflation,Disinflation,Stagflation,Reflation,Stagflation,Reflation
1993-01,Goldilocks,Disinflation,Reflation,Reflation,Stagflation,Stagflation,Disinflation,Goldilocks,Reflation,Reflation
1993-02,Reflation,Goldilocks,Reflation,Reflation,Goldilocks,Stagflation,Stagflation,Reflation,Goldilocks,Reflation
1993-03,Reflation,Reflation,Reflation,Reflation,Reflation,Goldilocks,Stagflation,Reflation,Reflation,Reflation
1993-04,Reflation,Reflation,Reflation,Reflation,Reflation,Reflation,Goldilocks,Reflation,Reflation,Reflation
1993-05,Reflation,Reflation,Reflation,Reflation,Reflation,Reflation,Reflation,Goldilocks,Reflation,Reflation
1993-06,Reflation,Reflation,Reflation,Reflation,Reflation,Reflation,Reflation,Stagflation,Goldilocks,Reflation
1993-07,Stagflation,Reflation,Reflation,Reflation,Reflation,Reflation,Reflation,Stagflation,Stagflation,Reflation
1993-08,Disinflation,Disinflation,Reflation,Reflation,Stagflation,Reflation,Reflation,Disinflation,Stagflation,Reflation
1993-09,Disinflation,Disinflation,Reflation,Reflation,Disinflation,Stagflation,Reflation,Disinflation,Disinflation,Reflation
1993-10,Goldilocks,Disinflation,Disinflation,Reflation,Disinflation,Disinflation,Stagflation,Disinflation,Disinflation,Reflation
1993-11,Goldilocks,Goldilocks,Disinflation,Reflation,Goldilocks,Disinflation,Disinflation,Disinflation,Disinflation,Disinflation
1993-12,Goldilocks,Goldilocks,Disinflation,Goldilocks,Goldilocks,Goldilocks,Disinflation,Goldilocks,Disinflation,Disinflation
1994-01,Goldilocks,Goldilocks,Goldilocks,Goldilocks,Goldilocks,Goldilocks,Goldilocks,Goldilocks,Goldilocks,Disinflation
1994-02,Goldilocks,Goldilocks,Goldilocks,Goldilocks,Goldilocks,Goldilocks,Goldilocks,Goldilocks,Goldilocks,Disinflation
1994-03,Goldilocks,Goldilocks,Goldilocks,Goldilocks,Goldilocks,Goldilocks,Goldilocks,Goldilocks,Goldilocks,Disinflation
1994-04,Goldilocks,Goldilocks,Goldilocks,Goldilocks,Goldilocks,Goldilocks,Goldilocks,Goldilocks,Goldilocks,Goldilocks
1994-05,Goldilocks,Goldilocks,Goldilocks,Goldilocks,Goldilocks,Goldilocks,Goldilocks,Goldilocks,Goldilocks,Goldilocks
1994-06,Goldilocks,Goldilocks,Goldilocks,Goldilocks,Goldilocks,Goldilocks,Goldilocks,Goldilocks,Goldilocks,Goldilocks
1994-07,Goldilocks,Goldilocks,Goldilocks,Goldilocks,Goldilocks,Goldilocks,Goldilocks,Goldilocks,Goldilocks,Goldilocks
1994-08,Reflation,Goldilocks,Goldilocks,Goldilocks,Goldilocks,Goldilocks,Goldilocks,Reflation,Goldilocks,Goldilocks
1994-09,Reflation,Reflation,Goldilocks,Goldilocks,Reflation,Goldilocks,Goldilocks,Reflation,Reflation,Goldilocks
1994-10,Reflation,Reflation,Goldilocks,Reflation,Reflation,Reflation,Goldilocks,Reflation,Reflation,Goldilocks
1994-11,Reflation,Reflation,Reflation,Reflation,Reflation,Reflation,Reflation,Reflation,Reflation,Goldilocks
1994-12,Reflation,Reflation,Reflation,Reflation,Reflation,Reflation,Reflation,Reflation,Reflation,Reflation
1995-01,Reflation,Reflation,Reflation,Reflation,Reflation,Reflation,Reflation,Reflation,Reflation,Reflation
1995-02,Reflation,Reflation,Reflation,Reflation,Reflation,Reflation,Reflation,Reflation,Reflation,Reflation
1995-03,Disinflation,Reflation,Reflation,Reflation,Reflation,Reflation,Reflation,Goldilocks,Reflation,Reflation
1995-04,Disinflation,Disinflation,Reflation,Reflation,Disinflation,Reflation,Reflation,Disinflation,Goldilocks,Reflation
1995-05,Stagflation,Stagflation,Reflation,Reflation,Disinflation,Disinflation,Reflation,Stagflation,Disinflation,Reflation
1995-06,Stagflation,Stagflation,Reflation,Reflation,Stagflation,Disinflation,Disinflation,Stagflation,Stagflation,Reflation
1995-07,Stagflation,Stagflation,Stagflation,Stagflation,Stagflation,Stagflation,Disinflation,Stagflation,Stagflation,Reflation
1995-08,Disinflation,Stagflation,Stagflation,Stagflation,Stagflation,Stagflation,Stagflation,Disinflation,Stagflation,Stagflation
1995-09,Disinflation,Stagflation,Stagflation,Stagflation,Disinflation,Stagflation,Stagflation,Disinflation,Disinflation,Stagflation
1995-10,Disinflation,Disinflation,Stagflation,Disinflation,Disinflation,Disinflation,Stagflation,Disinflation,Disinflation,Stagflation
1995-11,Disinflation,Disinflation,Stagflation,Disinflation,Disinflation,Disinflation,Disinflation,Disinflation,Disinflation,Stagflation
1995-12,Disinflation,Disinflation,Disinflation,Disinflation,Disinflation,Disinflation,Disinflation,Disinflation,Disinflation,Stagflation
1996-01,Disinflation,Disinflation,Disinflation,Disinflation,Disinflation,Disinflation,Disinflation,Disinflation,Disinflation,Disinflation
1996-02,Disinflation,Disinflation,Disinflation,Disinflation,Disinflation,Disinflation,Disinflation,Disinflation,Disinflation,Disinflation
1996-03,Stagflation,Disinflation,Disinflation,Disinflation,Disinflation,Disinflation,Disinflation,Stagflation,Disinflation,Disinflation
1996-04,Stagflation,Stagflation,Disinflation,Disinflation,Stagflation,Disinflation,Disinflation,Stagflation,Stagflation,Disinflation
1996-05,Reflation,Stagflation,Disinflation,Disinflation,Stagflation,Stagflation,Disinflation,Reflation,Stagflation,Disinflation
1996-06,Reflation,Reflation,Disinflation,Disinflation,Reflation,Stagflation,Stagflation,Reflation,Reflation,Disinflation
1996-07,Reflation,Reflation,Disinflation,Reflation,Reflation,Reflation,Stagflation,Reflation,Reflation,Disinflation
1996-08,Reflation,Reflation,Reflation,Reflation,Reflation,Reflation,Reflation,Reflation,Reflation,Disinflation
1996-09,Reflation,Reflation,Reflation,Reflation,Reflation,Reflation,Reflation,Reflation,Reflation,Reflation
1996-10,Reflation,Reflation,Reflation,Reflation,Reflation,Reflation,Reflation,Reflation,Reflation,Reflation
1996-11,Reflation,Reflation,Reflation,Reflation,Reflation,Reflation,Reflation,Reflation,Reflation,Reflation
1996-12,Reflation,Reflation,Reflation,Reflation,Reflation,Reflation,Reflation,Reflation,Reflation,Reflation
1997-01,Reflation,Reflation,Reflation,Reflation,Reflation,Reflation,Reflation,Reflation,Reflation,Reflation
1997-02,Reflation,Reflation,Reflation,Reflation,Reflation,Reflation,Reflation,Reflation,Reflation,Reflation
1997-03,Reflation,Reflation,Reflation,Reflation,Reflation,Reflation,Reflation,Reflation,Reflation,Reflation
1997-04,Goldilocks,Reflation,Reflation,Reflation,Reflation,Reflation,Reflation,Goldilocks,Reflation,Reflation
1997-05,Goldilocks,Goldilocks,Reflation,Reflation,Goldilocks,Reflation,Reflation,Goldilocks,Goldilocks,Reflation
1997-06,Goldilocks,Goldilocks,Reflation,Goldilocks,Goldilocks,Goldilocks,Reflation,Goldilocks,Goldilocks,Reflation
1997-07,Disinflation,Goldilocks,Goldilocks,Goldilocks,Goldilocks,Goldilocks,Goldilocks,Disinflation,Goldilocks,Reflation
1997-08,Disinflation,Disinflation,Goldilocks,Goldilocks,Disinflation,Goldilocks,Goldilocks,Disinflation,Disinflation,Goldilocks
1997-09,Goldilocks,Disinflation,Goldilocks,Goldilocks,Disinflation,Disinflation,Goldilocks,Goldilocks,Disinflation,Goldilocks
1997-10,Goldilocks,Goldilocks,Goldilocks,Goldilocks,Goldilocks,Disinflation,Disinflation,Goldilocks,Goldilocks,Goldilocks
1997-11,Goldilocks,Goldilocks,Goldilocks,Goldilocks,Goldilocks,Goldilocks,Disinflation,Goldilocks,Goldilocks,Goldilocks
1997-12,Goldilocks,Goldilocks,Goldilocks,Goldilocks,Goldilocks,Goldilocks,Goldilocks,Goldilocks,Goldilocks,Goldilocks
1998-01,Goldilocks,Goldilocks,Goldilocks,Goldilocks,Goldilocks,Goldilocks,Goldilocks,Goldilocks,Goldilocks,Goldilocks
1998-02,Goldilocks,Goldilocks,Goldilocks,Goldilocks,Goldilocks,Goldilocks,Goldilocks,Goldilocks,Goldilocks,Goldilocks
1998-03,Disinflation,Goldilocks,Goldilocks,Goldilocks,Goldilocks,Goldilocks,Goldilocks,Goldilocks,Goldilocks,Goldilocks
1998-04,Disinflation,Disinflation,Goldilocks,Goldilocks,Disinflation,Goldilocks,Goldilocks,Disinflation,Goldilocks,Goldilocks
1998-05,Disinflation,Disinflation,Goldilocks,Disinflation,Disinflation,Disinflation,Goldilocks,Disinflation,Disinflation,Goldilocks
1998-06,Disinflation,Disinflation,Disinflation,Disinflation,Disinflation,Disinflation,Disinflation,Disinflation,Disinflation,Goldilocks
1998-07,Disinflation,Disinflation,Disinflation,Disinflation,Disinflation,Disinflation,Disinflation,Disinflation,Disinflation,Goldilocks
1998-08,Stagflation,Disinflation,Disinflation,Disinflation,Disinflation,Disinflation,Disinflation,Stagflation,Disinflation,Disinflation
1998-09,Stagflation,Stagflation,Disinflation,Disinflation,Stagflation,Disinflation,Disinflation,Stagflation,Stagflation,Disinflation
1998-10,Stagflation,Stagflation,Disinflation,Stagflation,Stagflation,Stagflation,Disinflation,Stagflation,Stagflation,Disinflation
1998-11,Stagflation,Stagflation,Stagflation,Stagflation,Stagflation,Stagflation,Stagflation,Stagflation,Stagflation,Disinflation
1998-12,Disinflation,Stagflation,Stagflation,Stagflation,Stagflation,Stagflation,Stagflation,Disinflation,Stagflation,Stagflation
1999-01,Disinflation,Disinflation,Stagflation,Stagflation,Disinflation,Stagflation,Stagflation,Disinflation,Disinflation,Stagflation
1999-02,Disinflation,Disinflation,Stagflation,Disinflation,Disinflation,Disinflation,Stagflation,Disinflation,Disinflation,Stagflation
1999-03,Disinflation,Disinflation,Disinflation,Disinflation,Disinflation,Disinflation,Disinflation,Stagflation,Disinflation,Disinflation
1999-04,Stagflation,Stagflation,Disinflation,Disinflation,Disinflation,Disinflation,Disinflation,Stagflation,Stagflation,Disinflation
1999-05,Stagflation,Stagflation,Disinflation,Disinflation,Stagflation,Disinflation,Disinflation,Stagflation,Stagflation,Disinflation
1999-06,Stagflation,Stagflation,Stagflation,Stagflation,Stagflation,Stagflation,Disinflation,Reflation,Stagflation,Disinflation
1999-07,Reflation,Reflation,Stagflation,Stagflation,Stagflation,Stagflation,Stagflation,Reflation,Reflation,Stagflation
1999-08,Reflation,Reflation,Stagflation,Stagflation,Reflation,Stagflation,Stagflation,Reflation,Reflation,Stagflation
1999-09,Reflation,Reflation,Reflation,Reflation,Reflation,Reflation,Stagflation,Stagflation,Reflation,Stagflation
1999-10,Reflation,Reflation,Reflation,Reflation,Reflation,Reflation,Reflation,Stagflation,Stagflation,Reflation
1999-11,Reflation,Reflation,Reflation,Reflation,Reflation,Reflation,Reflation,Stagflation,Stagflation,Reflation
1999-12,Reflation,Reflation,Reflation,Reflation,Reflation,Reflation,Reflation,Reflation,Stagflation,Reflation
2000-01,Reflation,Reflation,Reflation,Reflation,Reflation,Reflation,Reflation,Reflation,Reflation,Reflation
2000-02,Reflation,Reflation,Reflation,Reflation,Reflation,Reflation,Reflation,Stagflation,Reflation,Reflation
2000-03,Reflation,Reflation,Reflation,Reflation,Reflation,Reflation,Reflation,Reflation,Stagflation,Reflation
2000-04,Reflation,Reflation,Reflation,Reflation,Reflation,Reflation,Reflation,Reflation,Reflation,Reflation
2000-05,Reflation,Reflation,Reflation,Reflation,Reflation,Reflation,Reflation,Reflation,Reflation,Stagflation
2000-06,Reflation,Reflation,Reflation,Reflation,Reflation,Reflation,Reflation,Stagflation,Reflation,Stagflation
2000-07,Reflation,Reflation,Reflation,Reflation,Reflation,Reflation,Reflation,Stagflation,Stagflation,Stagflation
2000-08,Reflation,Reflation,Reflation,Reflation,Reflation,Reflation,Reflation,Stagflation,Stagflation,Stagflation
2000-09,Reflation,Reflation,Reflation,Reflation,Reflation,Reflation,Reflation,Stagflation,Stagflation,Stagflation
2000-10,Goldilocks,Reflation,Reflation,Reflation,Reflation,Reflation,Reflation,Disinflation,Stagflation,Stagflation
2000-11,Stagflation,Reflation,Reflation,Reflation,Goldilocks,Reflation,Reflation,Stagflation,Disinflation,Stagflation
2000-12,Stagflation,Stagflation,Reflation,Reflation,Stagflation,Goldilocks,Reflation,Stagflation,Stagflation,Stagflation
2001-01,Disinflation,Stagflation,Reflation,Reflation,Stagflation,Stagflation,Goldilocks,Disinflation,Stagflation,Stagflation
2001-02,Stagflation,Disinflation,Reflation,Reflation,Disinflation,Stagflation,Stagflation,Stagflation,Disinflation,Stagflation
2001-03,Stagflation,Disinflation,Reflation,Reflation,Stagflation,Disinflation,Stagflation,Stagflation,Stagflation,Stagflation
2001-04,Disinflation,Disinflation,Disinflation,Reflation,Stagflation,Stagflation,Disinflation,Disinflation,Stagflation,Stagflation
2001-05,Disinflation,Disinflation,Disinflation,Reflation,Disinflation,Stagflation,Stagflation,Disinflation,Disinflation,Stagflation
2001-06,Stagflation,Disinflation,Disinflation,Reflation,Disinflation,Disinflation,Stagflation,Stagflation,Disinflation,Stagflation
2001-07,Disinflation,Disinflation,Disinflation,Reflation,Stagflation,Disinflation,Disinflation,Disinflation,Stagflation,Disinflation
2001-08,Disinflation,Disinflation,Disinflation,Reflation,Disinflation,Stagflation,Disinflation,Disinflation,Disinflation,Disinflation
2001-09,Disinflation,Disinflation,Disinflation,Disinflation,Disinflation,Disinflation,Stagflation,Disinflation,Disinflation,Disinflation
2001-10,Disinflation,Disinflation,Disinflation,Disinflation,Disinflation,Disinflation,Disinflation,Disinflation,Disinflation,Disinflation
2001-11,Disinflation,Disinflation,Disinflation,Disinflation,Disinflation,Disinflation,Disinflation,Disinflation,Disinflation,Disinflation
2001-12,Disinflation,Disinflation,Disinflation,Disinflation,Disinflation,Disinflation,Disinflation,Disinflation,Disinflation,Disinflation
2002-01,Disinflation,Disinflation,Disinflation,Disinflation,Disinflation,Disinflation,Disinflation,Disinflation,Disinflation,Disinflation
2002-02,Disinflation,Disinflation,Disinflation,Disinflation,Disinflation,Disinflation,Disinflation,Goldilocks,Disinflation,Disinflation
2002-03,Goldilocks,Disinflation,Disinflation,Disinflation,Disinflation,Disinflation,Disinflation,Goldilocks,Goldilocks,Disinflation
2002-04,Goldilocks,Goldilocks,Disinflation,Disinflation,Goldilocks,Disinflation,Disinflation,Goldilocks,Goldilocks,Disinflation
2002-05,Goldilocks,Goldilocks,Disinflation,Goldilocks,Goldilocks,Goldilocks,Disinflation,Goldilocks,Goldilocks,Disinflation
2002-06,Goldilocks,Goldilocks,Goldilocks,Goldilocks,Goldilocks,Goldilocks,Goldilocks,Goldilocks,Goldilocks,Disinflation
2002-07,Goldilocks,Goldilocks,Goldilocks,Goldilocks,Goldilocks,Goldilocks,Goldilocks,Goldilocks,Goldilocks,Goldilocks
2002-08,Reflation,Goldilocks,Goldilocks,Goldilocks,Goldilocks,Goldilocks,Goldilocks,Reflation,Goldilocks,Goldilocks
2002-09,Reflation,Reflation,Goldilocks,Goldilocks,Reflation,Goldilocks,Goldilocks,Reflation,Reflation,Goldilocks
2002-10,Reflation,Reflation,Goldilocks,Reflation,Reflation,Reflation,Goldilocks,Reflation,Reflation,Goldilocks
2002-11,Reflation,Reflation,Reflation,Reflation,Reflation,Reflation,Reflation,Reflation,Reflation,Goldilocks
2002-12,Reflation,Reflation,Reflation,Reflation,Reflation,Reflation,Reflation,Reflation,Reflation,Reflation
2003-01,Reflation,Reflation,Reflation,Reflation,Reflation,Reflation,Reflation,Reflation,Reflation,Reflation
2003-02,Reflation,Reflation,Reflation,Reflation,Reflation,Reflation,Reflation,Reflation,Reflation,Reflation
2003-03,Reflation,Reflation,Reflation,Reflation,Reflation,Reflation,Reflation,Reflation,Reflation,Reflation
2003-04,Stagflation,Reflation,Reflation,Reflation,Reflation,Reflation,Reflation,Reflation,Reflation,Reflation
2003-05,Stagflation,Stagflation,Reflation,Reflation,Stagflation,Reflation,Reflation,Stagflation,Reflation,Reflation
2003-06,Disinflation,Stagflation,Reflation,Reflation,Stagflation,Stagflation,Reflation,Disinflation,Stagflation,Reflation
2003-07,Disinflation,Disinflation,Reflation,Reflation,Disinflation,Stagflation,Stagflation,Disinflation,Disinflation,Reflation
2003-08,Disinflation,Disinflation,Reflation,Disinflation,Disinflation,Disinflation,Stagflation,Disinflation,Disinflation,Reflation
2003-09,Disinflation,Disinflation,Disinflation,Disinflation,Disinflation,Disinflation,Disinflation,Disinflation,Disinflation,Reflation
2003-10,Disinflation,Disinflation,Disinflation,Disinflation,Disinflation,Disinflation,Disinflation,Disinflation,Disinflation,Disinflation
2003-11,Goldilocks,Disinflation,Disinflation,Disinflation,Disinflation,Disinflation,Disinflation,Goldilocks,Disinflation,Disinflation
2003-12,Goldilocks,Goldilocks,Disinflation,Disinflation,Goldilocks,Disinflation,Disinflation,Reflation,Goldilocks,Disinflation
2004-01,Goldilocks,Goldilocks,Disinflation,Goldilocks,Goldilocks,Goldilocks,Disinflation,Reflation,Reflation,Disinflation
2004-02,Goldilocks,Goldilocks,Goldilocks,Goldilocks,Goldilocks,Goldilocks,Goldilocks,Goldilocks,Reflation,Disinflation
2004-03,Goldilocks,Goldilocks,Goldilocks,Goldilocks,Goldilocks,Goldilocks,Goldilocks,Goldilocks,Goldilocks,Disinflation
2004-04,Goldilocks,Goldilocks,Goldilocks,Goldilocks,Goldilocks,Goldilocks,Goldilocks,Goldilocks,Goldilocks,Disinflation
2004-05,Reflation,Goldilocks,Goldilocks,Goldilocks,Goldilocks,Goldilocks,Goldilocks,Reflation,Goldilocks,Disinflation
2004-06,Reflation,Reflation,Goldilocks,Goldilocks,Reflation,Goldilocks,Goldilocks,Reflation,Reflation,Goldilocks
2004-07,Reflation,Reflation,Goldilocks,Reflation,Reflation,Reflation,Goldilocks,Reflation,Reflation,Goldilocks
2004-08,Reflation,Reflation,Reflation,Reflation,Reflation,Reflation,Reflation,Reflation,Reflation,Goldilocks
2004-09,Reflation,Reflation,Reflation,Reflation,Reflation,Reflation,Reflation,Reflation,Reflation,Reflation
2004-10,Reflation,Reflation,Reflation,Reflation,Reflation,Reflation,Reflation,Reflation,Reflation,Reflation
2004-11,Reflation,Reflation,Reflation,Reflation,Reflation,Reflation,Reflation,Reflation,Reflation,Reflation
2004-12,Stagflation,Reflation,Reflation,Reflation,Reflation,Reflation,Reflation,Stagflation,Reflation,Reflation
2005-01,Disinflation,Stagflation,Reflation,Reflation,Stagflation,Reflation,Reflation,Reflation,Stagflation,Reflation
2005-02,Disinflation,Stagflation,Reflation,Reflation,Disinflation,Stagflation,Reflation,Goldilocks,Reflation,Reflation
2005-03,Stagflation,Stagflation,Stagflation,Reflation,Disinflation,Disinflation,Stagflation,Reflation,Goldilocks,Reflation
2005-04,Stagflation,Stagflation,Stagflation,Reflation,Stagflation,Disinflation,Disinflation,Reflation,Reflation,Reflation
2005-05,Stagflation,Stagflation,Stagflation,Stagflation,Stagflation,Stagflation,Disinflation,Reflation,Reflation,Reflation
2005-06,Disinflation,Stagflation,Stagflation,Stagflation,Stagflation,Stagflation,Stagflation,Goldilocks,Reflation,Reflation
2005-07,Disinflation,Disinflation,Stagflation,Stagflation,Disinflation,Stagflation,Stagflation,Goldilocks,Goldilocks,Reflation
2005-08,Stagflation,Disinflation,Stagflation,Stagflation,Disinflation,Disinflation,Stagflation,Stagflation,Goldilocks,Reflation
2005-09,Stagflation,Stagflation,Stagflation,Stagflation,Stagflation,Disinflation,Disinflation,Stagflation,Stagflation,Reflation
2005-10,Stagflation,Stagflation,Stagflation,Stagflation,Stagflation,Stagflation,Disinflation,Stagflation,Stagflation,Reflation
2005-11,Stagflation,Stagflation,Stagflation,Stagflation,Stagflation,Stagflation,Stagflation,Stagflation,Stagflation,Reflation
2005-12,Reflation,Stagflation,Stagflation,Stagflation,Stagflation,Stagflation,Stagflation,Stagflation,Stagflation,Reflation
2006-01,Stagflation,Stagflation,Stagflation,Stagflation,Reflation,Stagflation,Stagflation,Stagflation,Stagflation,Stagflation
2006-02,Reflation,Stagflation,Stagflation,Stagflation,Stagflation,Reflation,Stagflation,Stagflation,Stagflation,Stagflation
2006-03,Goldilocks,Stagflation,Stagflation,Stagflation,Reflation,Stagflation,Reflation,Disinflation,Stagflation,Stagflation
2006-04,Goldilocks,Goldilocks,Stagflation,Stagflation,Goldilocks,Reflation,Stagflation,Goldilocks,Disinflation,Stagflation
2006-05,Goldilocks,Goldilocks,Stagflation,Goldilocks,Goldilocks,Goldilocks,Reflation,Goldilocks,Goldilocks,Stagflation
2006-06,Reflation,Goldilocks,Goldilocks,Goldilocks,Goldilocks,Goldilocks,Goldilocks,Stagflation,Goldilocks,Stagflation
2006-07,Reflation,Reflation,Goldilocks,Goldilocks,Reflation,Goldilocks,Goldilocks,Stagflation,Stagflation,Disinflation
2006-08,Reflation,Reflation,Goldilocks,Reflation,Reflation,Reflation,Goldilocks,Stagflation,Stagflation,Disinflation
2006-09,Reflation,Reflation,Reflation,Reflation,Reflation,Reflation,Reflation,Reflation,Stagflation,Disinflation
2006-10,Goldilocks,Goldilocks,Reflation,Reflation,Reflation,Reflation,Reflation,Goldilocks,Reflation,Stagflation
2006-11,Goldilocks,Goldilocks,Reflation,Reflation,Goldilocks,Reflation,Reflation,Goldilocks,Goldilocks,Stagflation
2006-12,Disinflation,Goldilocks,Goldilocks,Reflation,Goldilocks,Goldilocks,Reflation,Disinflation,Goldilocks,Stagflation
2007-01,Disinflation,Disinflation,Goldilocks,Reflation,Disinflation,Goldilocks,Goldilocks,Goldilocks,Disinflation,Goldilocks
2007-02,Disinflation,Disinflation,Goldilocks,Disinflation,Disinflation,Disinflation,Goldilocks,Disinflation,Goldilocks,Goldilocks
2007-03,Disinflation,Disinflation,Disinflation,Disinflation,Disinflation,Disinflation,Disinflation,Goldilocks,Disinflation,Goldilocks
2007-04,Stagflation,Disinflation,Disinflation,Disinflation,Disinflation,Disinflation,Disinflation,Stagflation,Goldilocks,Goldilocks
2007-05,Stagflation,Stagflation,Disinflation,Disinflation,Stagflation,Disinflation,Disinflation,Reflation,Stagflation,Disinflation
2007-06,Stagflation,Stagflation,Disinflation,Stagflation,Stagflation,Stagflation,Disinflation,Reflation,Reflation,Disinflation
2007-07,Stagflation,Stagflation,Stagflation,Stagflation,Stagflation,Stagflation,Stagflation,Reflation,Reflation,Disinflation
2007-08,Stagflation,Stagflation,Stagflation,Stagflation,Stagflation,Stagflation,Stagflation,Reflation,Reflation,Disinflation
2007-09,Disinflation,Disinflation,Stagflation,Stagflation,Stagflation,Stagflation,Stagflation,Disinflation,Reflation,Disinflation
2007-10,Disinflation,Disinflation,Stagflation,Stagflation,Disinflation,Stagflation,Stagflation,Reflation,Disinflation,Disinflation
2007-11,Stagflation,Stagflation,Stagflation,Stagflation,Disinflation,Disinflation,Stagflation,Stagflation,Reflation,Disinflation
2007-12,Reflation,Stagflation,Stagflation,Stagflation,Stagflation,Disinflation,Disinflation,Reflation,Stagflation,Disinflation
2008-01,Reflation,Reflation,Stagflation,Stagflation,Reflation,Stagflation,Disinflation,Stagflation,Reflation,Disinflation
2008-02,Reflation,Reflation,Stagflation,Reflation,Reflation,Reflation,Stagflation,Stagflation,Stagflation,Disinflation
2008-03,Stagflation,Reflation,Reflation,Reflation,Reflation,Reflation,Reflation,Stagflation,Stagflation,Disinflation
2008-04,Stagflation,Stagflation,Reflation,Reflation,Stagflation,Reflation,Reflation,Stagflation,Stagflation,Stagflation
2008-05,Stagflation,Stagflation,Reflation,Stagflation,Stagflation,Stagflation,Reflation,Stagflation,Stagflation,Stagflation
2008-06,Disinflation,Stagflation,Stagflation,Stagflation,Stagflation,Stagflation,Stagflation,Disinflation,Stagflation,Stagflation
2008-07,Stagflation,Stagflation,Stagflation,Stagflation,Disinflation,Stagflation,Stagflation,Stagflation,Disinflation,Stagflation
2008-08,Stagflation,Stagflation,Stagflation,Stagflation,Stagflation,Disinflation,Stagflation,Stagflation,Stagflation,Stagflation
2008-09,Stagflation,Stagflation,Stagflation,Stagflation,Stagflation,Stagflation,Disinflation,Stagflation,Stagflation,Stagflation
2008-10,Stagflation,Stagflation,Stagflation,Stagflation,Stagflation,Stagflation,Stagflation,Stagflation,Stagflation,Stagflation
2008-11,Disinflation,Stagflation,Stagflation,Stagflation,Stagflation,Stagflation,Stagflation,Disinflation,Stagflation,Stagflation
2008-12,Disinflation,Disinflation,Stagflation,Stagflation,Disinflation,Stagflation,Stagflation,Disinflation,Disinflation,Stagflation
2009-01,Disinflation,Disinflation,Stagflation,Disinflation,Disinflation,Disinflation,Stagflation,Disinflation,Disinflation,Stagflation
2009-02,Disinflation,Disinflation,Disinflation,Disinflation,Disinflation,Disinflation,Disinflation,Disinflation,Disinflation,Stagflation
2009-03,Disinflation,Disinflation,Disinflation,Disinflation,Disinflation,Disinflation,Disinflation,Disinflation,Disinflation,Disinflation
2009-04,Disinflation,Disinflation,Disinflation,Disinflation,Disinflation,Disinflation,Disinflation,Disinflation,Disinflation,Disinflation
2009-05,Disinflation,Disinflation,Disinflation,Disinflation,Disinflation,Disinflation,Disinflation,Disinflation,Disinflation,Disinflation
2009-06,Disinflation,Disinflation,Disinflation,Disinflation,Disinflation,Disinflation,Disinflation,Disinflation,Disinflation,Disinflation
2009-07,Disinflation,Disinflation,Disinflation,Disinflation,Disinflation,Disinflation,Disinflation,Disinflation,Disinflation,Disinflation
2009-08,Disinflation,Disinflation,Disinflation,Disinflation,Disinflation,Disinflation,Disinflation,Disinflation,Disinflation,Disinflation
2009-09,Goldilocks,Disinflation,Disinflation,Disinflation,Disinflation,Disinflation,Disinflation,Goldilocks,Disinflation,Disinflation
2009-10,Goldilocks,Goldilocks,Disinflation,Disinflation,Goldilocks,Disinflation,Disinflation,Goldilocks,Goldilocks,Disinflation
2009-11,Reflation,Goldilocks,Disinflation,Disinflation,Goldilocks,Goldilocks,Disinflation,Reflation,Goldilocks,Disinflation
2009-12,Reflation,Reflation,Disinflation,Disinflation,Reflation,Goldilocks,Goldilocks,Reflation,Reflation,Disinflation
2010-01,Reflation,Reflation,Disinflation,Reflation,Reflation,Reflation,Goldilocks,Reflation,Reflation,Disinflation
2010-02,Reflation,Reflation,Reflation,Reflation,Reflation,Reflation,Reflation,Reflation,Reflation,Disinflation
2010-03,Reflation,Reflation,Reflation,Reflation,Reflation,Reflation,Reflation,Reflation,Reflation,Reflation
2010-04,Reflation,Reflation,Reflation,Reflation,Reflation,Reflation,Reflation,Reflation,Reflation,Reflation
2010-05,Reflation,Reflation,Reflation,Reflation,Reflation,Reflation,Reflation,Reflation,Reflation,Reflation
2010-06,Reflation,Reflation,Reflation,Reflation,Reflation,Reflation,Reflation,Reflation,Reflation,Reflation
2010-07,Goldilocks,Reflation,Reflation,Reflation,Reflation,Reflation,Reflation,Goldilocks,Reflation,Reflation
2010-08,Goldilocks,Goldilocks,Reflation,Reflation,Goldilocks,Reflation,Reflation,Goldilocks,Goldilocks,Reflation
2010-09,Goldilocks,Goldilocks,Reflation,Goldilocks,Goldilocks,Goldilocks,Reflation,Goldilocks,Goldilocks,Reflation
2010-10,Goldilocks,Goldilocks,Goldilocks,Goldilocks,Goldilocks,Goldilocks,Goldilocks,Goldilocks,Goldilocks,Reflation
2010-11,Disinflation,Goldilocks,Goldilocks,Goldilocks,Goldilocks,Goldilocks,Goldilocks,Goldilocks,Goldilocks,Goldilocks
2010-12,Disinflation,Disinflation,Goldilocks,Goldilocks,Disinflation,Goldilocks,Goldilocks,Disinflation,Goldilocks,Goldilocks
2011-01,Stagflation,Disinflation,Goldilocks,Goldilocks,Disinflation,Disinflation,Goldilocks,Stagflation,Disinflation,Goldilocks
2011-02,Stagflation,Disinflation,Disinflation,Goldilocks,Stagflation,Disinflation,Disinflation,Stagflation,Stagflation,Goldilocks
2011-03,Stagflation,Stagflation,Disinflation,Stagflation,Stagflation,Stagflation,Disinflation,Stagflation,Stagflation,Disinflation
2011-04,Stagflation,Stagflation,Disinflation,Stagflation,Stagflation,Stagflation,Stagflation,Stagflation,Stagflation,Disinflation
2011-05,Stagflation,Stagflation,Stagflation,Stagflation,Stagflation,Stagflation,Stagflation,Stagflation,Stagflation,Disinflation
2011-06,Stagflation,Stagflation,Stagflation,Stagflation,Stagflation,Stagflation,Stagflation,Stagflation,Stagflation,Stagflation
2011-07,Stagflation,Stagflation,Stagflation,Stagflation,Stagflation,Stagflation,Stagflation,Stagflation,Stagflation,Stagflation
2011-08,Stagflation,Stagflation,Stagflation,Stagflation,Stagflation,Stagflation,Stagflation,Stagflation,Stagflation,Stagflation
2011-09,Stagflation,Stagflation,Stagflation,Stagflation,Stagflation,Stagflation,Stagflation,Stagflation,Stagflation,Stagflation
2011-10,Stagflation,Stagflation,Stagflation,Stagflation,Stagflation,Stagflation,Stagflation,Stagflation,Stagflation,Stagflation
2011-11,Stagflation,Stagflation,Stagflation,Stagflation,Stagflation,Stagflation,Stagflation,Stagflation,Stagflation,Stagflation
2011-12,Goldilocks,Stagflation,Stagflation,Stagflation,Stagflation,Stagflation,Stagflation,Goldilocks,Stagflation,Stagflation
2012-01,Disinflation,Disinflation,Stagflation,Stagflation,Goldilocks,Stagflation,Stagflation,Goldilocks,Goldilocks,Stagflation
2012-02,Disinflation,Disinflation,Stagflation,Stagflation,Disinflation,Goldilocks,Stagflation,Goldilocks,Goldilocks,Stagflation
2012-03,Goldilocks,Disinflation,Disinflation,Stagflation,Disinflation,Disinflation,Goldilocks,Goldilocks,Goldilocks,Stagflation
2012-04,Goldilocks,Goldilocks,Disinflation,Stagflation,Goldilocks,Disinflation,Disinflation,Goldilocks,Goldilocks,Goldilocks
2012-05,Goldilocks,Goldilocks,Disinflation,Goldilocks,Goldilocks,Goldilocks,Disinflation,Goldilocks,Goldilocks,Goldilocks
2012-06,Goldilocks,Goldilocks,Goldilocks,Goldilocks,Goldilocks,Goldilocks,Goldilocks,Goldilocks,Goldilocks,Goldilocks
2012-07,Goldilocks,Goldilocks,Goldilocks,Goldilocks,Goldilocks,Goldilocks,Goldilocks,Goldilocks,Goldilocks,Goldilocks
2012-08,Disinflation,Goldilocks,Goldilocks,Goldilocks,Goldilocks,Goldilocks,Goldilocks,Disinflation,Goldilocks,Goldilocks
2012-09,Disinflation,Disinflation,Goldilocks,Goldilocks,Disinflation,Goldilocks,Goldilocks,Disinflation,Disinflation,Goldilocks
2012-10,Disinflation,Disinflation,Goldilocks,Disinflation,Disinflation,Disinflation,Goldilocks,Disinflation,Disinflation,Goldilocks
2012-11,Disinflation,Disinflation,Disinflation,Disinflation,Disinflation,Disinflation,Disinflation,Disinflation,Disinflation,Goldilocks
2012-12,Stagflation,Disinflation,Disinflation,Disinflation,Disinflation,Disinflation,Disinflation,Stagflation,Disinflation,Disinflation
2013-01,Stagflation,Disinflation,Disinflation,Disinflation,Stagflation,Disinflation,Disinflation,Stagflation,Stagflation,Disinflation
2013-02,Stagflation,Stagflation,Disinflation,Stagflation,Stagflation,Stagflation,Disinflation,Stagflation,Stagflation,Disinflation
2013-03,Stagflation,Stagflation,Disinflation,Stagflation,Stagflation,Stagflation,Stagflation,Stagflation,Stagflation,Disinflation
2013-04,Goldilocks,Disinflation,Disinflation,Stagflation,Stagflation,Stagflation,Stagflation,Goldilocks,Stagflation,Stagflation
2013-05,Disinflation,Disinflation,Disinflation,Stagflation,Goldilocks,Stagflation,Stagflation,Disinflation,Goldilocks,Stagflation
2013-06,Disinflation,Disinflation,Disinflation,Stagflation,Disinflation,Goldilocks,Stagflation,Disinflation,Disinflation,Stagflation
2013-07,Stagflation,Disinflation,Disinflation,Stagflation,Disinflation,Disinflation,Goldilocks,Disinflation,Disinflation,Stagflation
2013-08,Stagflation,Disinflation,Disinflation,Stagflation,Stagflation,Disinflation,Disinflation,Stagflation,Disinflation,Disinflation
2013-09,Goldilocks,Disinflation,Disinflation,Stagflation,Stagflation,Stagflation,Disinflation,Goldilocks,Stagflation,Disinflation
2013-10,Disinflation,Disinflation,Disinflation,Stagflation,Goldilocks,Stagflation,Stagflation,Goldilocks,Goldilocks,Disinflation
2013-11,Goldilocks,Goldilocks,Disinflation,Stagflation,Disinflation,Goldilocks,Stagflation,Goldilocks,Goldilocks,Disinflation
2013-12,Goldilocks,Goldilocks,Disinflation,Stagflation,Goldilocks,Disinflation,Goldilocks,Goldilocks,Goldilocks,Goldilocks
2014-01,Goldilocks,Goldilocks,Goldilocks,Goldilocks,Goldilocks,Goldilocks,Disinflation,Goldilocks,Goldilocks,Goldilocks
2014-02,Goldilocks,Goldilocks,Goldilocks,Goldilocks,Goldilocks,Goldilocks,Goldilocks,Goldilocks,Goldilocks,Goldilocks
2014-03,Disinflation,Goldilocks,Goldilocks,Goldilocks,Goldilocks,Goldilocks,Goldilocks,Disinflation,Goldilocks,Goldilocks
2014-04,Reflation,Goldilocks,Goldilocks,Goldilocks,Disinflation,Goldilocks,Goldilocks,Stagflation,Disinflation,Goldilocks
2014-05,Stagflation,Reflation,Goldilocks,Goldilocks,Reflation,Disinflation,Goldilocks,Reflation,Stagflation,Goldilocks
2014-06,Reflation,Reflation,Goldilocks,Goldilocks,Stagflation,Reflation,Disinflation,Reflation,Reflation,Goldilocks
2014-07,Reflation,Reflation,Reflation,Goldilocks,Reflation,Stagflation,Reflation,Reflation,Reflation,Goldilocks
2014-08,Reflation,Reflation,Reflation,Reflation,Reflation,Reflation,Stagflation,Reflation,Reflation,Reflation
2014-09,Reflation,Reflation,Reflation,Reflation,Reflation,Reflation,Reflation,Reflation,Reflation,Reflation
2014-10,Reflation,Reflation,Reflation,Reflation,Reflation,Reflation,Reflation,Reflation,Reflation,Reflation
2014-11,Goldilocks,Reflation,Reflation,Reflation,Reflation,Reflation,Reflation,Goldilocks,Reflation,Reflation
2014-12,Goldilocks,Goldilocks,Reflation,Reflation,Goldilocks,Reflation,Reflation,Goldilocks,Goldilocks,Reflation
2015-01,Goldilocks,Goldilocks,Reflation,Goldilocks,Goldilocks,Goldilocks,Reflation,Disinflation,Goldilocks,Reflation
2015-02,Disinflation,Goldilocks,Goldilocks,Goldilocks,Goldilocks,Goldilocks,Goldilocks,Disinflation,Disinflation,Reflation
2015-03,Disinflation,Disinflation,Goldilocks,Goldilocks,Disinflation,Goldilocks,Goldilocks,Disinflation,Disinflation,Reflation
2015-04,Disinflation,Disinflation,Goldilocks,Disinflation,Disinflation,Disinflation,Goldilocks,Disinflation,Disinflation,Reflation
2015-05,Disinflation,Disinflation,Disinflation,Disinflation,Disinflation,Disinflation,Disinflation,Disinflation,Disinflation,Disinflation
2015-06,Disinflation,Disinflation,Disinflation,Disinflation,Disinflation,Disinflation,Disinflation,Disinflation,Disinflation,Disinflation
2015-07,Disinflation,Disinflation,Disinflation,Disinflation,Disinflation,Disinflation,Disinflation,Disinflation,Disinflation,Disinflation
2015-08,Stagflation,Disinflation,Disinflation,Disinflation,Disinflation,Disinflation,Disinflation,Stagflation,Disinflation,Disinflation
2015-09,Stagflation,Disinflation,Disinflation,Disinflation,Stagflation,Disinflation,Disinflation,Stagflation,Stagflation,Disinflation
2015-10,Stagflation,Stagflation,Disinflation,Stagflation,Stagflation,Stagflation,Disinflation,Stagflation,Stagflation,Disinflation
2015-11,Stagflation,Stagflation,Disinflation,Stagflation,Stagflation,Stagflation,Stagflation,Stagflation,Stagflation,Disinflation
2015-12,Stagflation,Stagflation,Stagflation,Stagflation,Stagflation,Stagflation,Stagflation,Stagflation,Stagflation,Stagflation
2016-01,Stagflation,Stagflation,Stagflation,Stagflation,Stagflation,Stagflation,Stagflation,Stagflation,Stagflation,Stagflation
2016-02,Stagflation,Stagflation,Stagflation,Stagflation,Stagflation,Stagflation,Stagflation,Stagflation,Stagflation,Stagflation
2016-03,Stagflation,Stagflation,Stagflation,Stagflation,Stagflation,Stagflation,Stagflation,Stagflation,Stagflation,Stagflation
2016-04,Stagflation,Stagflation,Stagflation,Stagflation,Stagflation,Stagflation,Stagflation,Stagflation,Stagflation,Stagflation
2016-05,Stagflation,Stagflation,Stagflation,Stagflation,Stagflation,Stagflation,Stagflation,Reflation,Stagflation,Stagflation
2016-06,Reflation,Stagflation,Stagflation,Stagflation,Stagflation,Stagflation,Stagflation,Reflation,Reflation,Stagflation
2016-07,Reflation,Reflation,Stagflation,Stagflation,Reflation,Stagflation,Stagflation,Reflation,Reflation,Stagflation
2016-08,Goldilocks,Reflation,Stagflation,Stagflation,Reflation,Reflation,Stagflation,Goldilocks,Reflation,Stagflation
2016-09,Reflation,Goldilocks,Stagflation,Stagflation,Goldilocks,Reflation,Reflation,Reflation,Goldilocks,Reflation
2016-10,Reflation,Reflation,Stagflation,Stagflation,Reflation,Goldilocks,Reflation,Reflation,Reflation,Reflation
2016-11,Reflation,Reflation,Stagflation,Reflation,Reflation,Reflation,Goldilocks,Reflation,Reflation,Reflation
2016-12,Reflation,Reflation,Reflation,Reflation,Reflation,Reflation,Reflation,Reflation,Reflation,Reflation
2017-01,Reflation,Reflation,Reflation,Reflation,Reflation,Reflation,Reflation,Reflation,Reflation,Reflation
2017-02,Reflation,Reflation,Reflation,Reflation,Reflation,Reflation,Reflation,Reflation,Reflation,Reflation
2017-03,Reflation,Reflation,Reflation,Reflation,Reflation,Reflation,Reflation,Reflation,Reflation,Reflation
2017-04,Reflation,Reflation,Reflation,Reflation,Reflation,Reflation,Reflation,Reflation,Reflation,Reflation
2017-05,Reflation,Reflation,Reflation,Reflation,Reflation,Reflation,Reflation,Reflation,Reflation,Reflation
2017-06,Reflation,Reflation,Reflation,Reflation,Reflation,Reflation,Reflation,Reflation,Reflation,Reflation
2017-07,Goldilocks,Reflation,Reflation,Reflation,Reflation,Reflation,Reflation,Goldilocks,Reflation,Reflation
2017-08,Goldilocks,Goldilocks,Reflation,Reflation,Goldilocks,Reflation,Reflation,Goldilocks,Goldilocks,Reflation
2017-09,Goldilocks,Goldilocks,Reflation,Goldilocks,Goldilocks,Goldilocks,Reflation,Goldilocks,Goldilocks,Reflation
2017-10,Goldilocks,Goldilocks,Goldilocks,Goldilocks,Goldilocks,Goldilocks,Goldilocks,Goldilocks,Goldilocks,Reflation
2017-11,Goldilocks,Goldilocks,Goldilocks,Goldilocks,Goldilocks,Goldilocks,Goldilocks,Goldilocks,Goldilocks,Goldilocks
2017-12,Reflation,Reflation,Goldilocks,Goldilocks,Goldilocks,Goldilocks,Goldilocks,Reflation,Goldilocks,Goldilocks
2018-01,Reflation,Reflation,Goldilocks,Goldilocks,Reflation,Goldilocks,Goldilocks,Reflation,Reflation,Goldilocks
2018-02,Reflation,Reflation,Reflation,Reflation,Reflation,Reflation,Goldilocks,Reflation,Reflation,Goldilocks
2018-03,Reflation,Reflation,Reflation,Reflation,Reflation,Reflation,Reflation,Reflation,Reflation,Goldilocks
2018-04,Reflation,Reflation,Reflation,Reflation,Reflation,Reflation,Reflation,Reflation,Reflation,Reflation
2018-05,Reflation,Reflation,Reflation,Reflation,Reflation,Reflation,Reflation,Reflation,Reflation,Reflation
2018-06,Reflation,Reflation,Reflation,Reflation,Reflation,Reflation,Reflation,Stagflation,Reflation,Reflation
2018-07,Reflation,Reflation,Reflation,Reflation,Reflation,Reflation,Reflation,Reflation,Stagflation,Reflation
2018-08,Reflation,Reflation,Reflation,Reflation,Reflation,Reflation,Reflation,Reflation,Reflation,Reflation
2018-09,Reflation,Reflation,Reflation,Reflation,Reflation,Reflation,Reflation,Reflation,Reflation,Reflation
2018-10,Goldilocks,Reflation,Reflation,Reflation,Reflation,Reflation,Reflation,Reflation,Reflation,Reflation
2018-11,Reflation,Reflation,Reflation,Reflation,Goldilocks,Reflation,Reflation,Stagflation,Reflation,Reflation
2018-12,Goldilocks,Goldilocks,Reflation,Reflation,Reflation,Goldilocks,Reflation,Goldilocks,Stagflation,Reflation
2019-01,Goldilocks,Goldilocks,Reflation,Reflation,Goldilocks,Reflation,Goldilocks,Disinflation,Goldilocks,Reflation
2019-02,Disinflation,Goldilocks,Goldilocks,Reflation,Goldilocks,Goldilocks,Reflation,Disinflation,Disinflation,Reflation
2019-03,Disinflation,Disinflation,Goldilocks,Reflation,Disinflation,Goldilocks,Goldilocks,Disinflation,Disinflation,Reflation
2019-04,Disinflation,Disinflation,Goldilocks,Disinflation,Disinflation,Disinflation,Goldilocks,Disinflation,Disinflation,Disinflation
2019-05,Disinflation,Disinflation,Disinflation,Disinflation,Disinflation,Disinflation,Disinflation,Disinflation,Disinflation,Disinflation
2019-06,Disinflation,Disinflation,Disinflation,Disinflation,Disinflation,Disinflation,Disinflation,Disinflation,Disinflation,Disinflation
2019-07,Disinflation,Disinflation,Disinflation,Disinflation,Disinflation,Disinflation,Disinflation,Disinflation,Disinflation,Disinflation
2019-08,Stagflation,Disinflation,Disinflation,Disinflation,Disinflation,Disinflation,Disinflation,Stagflation,Disinflation,Disinflation
2019-09,Stagflation,Stagflation,Disinflation,Disinflation,Stagflation,Disinflation,Disinflation,Stagflation,Stagflation,Disinflation
2019-10,Disinflation,Stagflation,Disinflation,Disinflation,Stagflation,Stagflation,Disinflation,Disinflation,Stagflation,Disinflation
2019-11,Disinflation,Disinflation,Disinflation,Disinflation,Disinflation,Stagflation,Stagflation,Disinflation,Disinflation,Disinflation
2019-12,Stagflation,Disinflation,Disinflation,Disinflation,Disinflation,Disinflation,Stagflation,Stagflation,Disinflation,Disinflation
2020-01,Stagflation,Stagflation,Disinflation,Disinflation,Stagflation,Disinflation,Disinflation,Stagflation,Stagflation,Disinflation
2020-02,Stagflation,Stagflation,Disinflation,Stagflation,Stagflation,Stagflation,Disinflation,Stagflation,Stagflation,Disinflation
2020-03,Stagflation,Stagflation,Stagflation,Stagflation,Stagflation,Stagflation,Stagflation,Stagflation,Stagflation,Disinflation
2020-04,Disinflation,Stagflation,Stagflation,Stagflation,Stagflation,Stagflation,Stagflation,Disinflation,Stagflation,Stagflation
2020-05,Disinflation,Disinflation,Stagflation,Stagflation,Disinflation,Stagflation,Stagflation,Disinflation,Disinflation,Stagflation
2020-06,Disinflation,Disinflation,Stagflation,Disinflation,Disinflation,Disinflation,Stagflation,Disinflation,Disinflation,Stagflation
2020-07,Disinflation,Disinflation,Disinflation,Disinflation,Disinflation,Disinflation,Disinflation,Disinflation,Disinflation,Stagflation
2020-08,Disinflation,Disinflation,Disinflation,Disinflation,Disinflation,Disinflation,Disinflation,Disinflation,Disinflation,Disinflation
2020-09,Disinflation,Disinflation,Disinflation,Disinflation,Disinflation,Disinflation,Disinflation,Disinflation,Disinflation,Disinflation
2020-10,Disinflation,Disinflation,Disinflation,Disinflation,Disinflation,Disinflation,Disinflation,Disinflation,Disinflation,Disinflation
2020-11,Reflation,Goldilocks,Disinflation,Disinflation,Disinflation,Disinflation,Disinflation,Reflation,Disinflation,Disinflation
2020-12,Reflation,Reflation,Disinflation,Disinflation,Reflation,Disinflation,Disinflation,Reflation,Reflation,Disinflation
2021-01,Reflation,Reflation,Disinflation,Reflation,Reflation,Reflation,Disinflation,Reflation,Reflation,Disinflation
2021-02,Reflation,Reflation,Reflation,Reflation,Reflation,Reflation,Reflation,Reflation,Reflation,Disinflation
2021-03,Reflation,Reflation,Reflation,Reflation,Reflation,Reflation,Reflation,Reflation,Reflation,Reflation
2021-04,Reflation,Reflation,Reflation,Reflation,Reflation,Reflation,Reflation,Reflation,Reflation,Reflation
2021-05,Reflation,Reflation,Reflation,Reflation,Reflation,Reflation,Reflation,Reflation,Reflation,Reflation
2021-06,Reflation,Reflation,Reflation,Reflation,Reflation,Reflation,Reflation,Reflation,Reflation,Reflation
2021-07,Reflation,Reflation,Reflation,Reflation,Reflation,Reflation,Reflation,Reflation,Reflation,Reflation
2021-08,Reflation,Reflation,Reflation,Reflation,Reflation,Reflation,Reflation,Reflation,Reflation,Reflation
2021-09,Reflation,Reflation,Reflation,Reflation,Reflation,Reflation,Reflation,Reflation,Reflation,Reflation
2021-10,Reflation,Reflation,Reflation,Reflation,Reflation,Reflation,Reflation,Reflation,Reflation,Reflation
2021-11,Stagflation,Reflation,Reflation,Reflation,Reflation,Reflation,Reflation,Stagflation,Reflation,Reflation
2021-12,Stagflation,Stagflation,Reflation,Reflation,Stagflation,Reflation,Reflation,Stagflation,Stagflation,Reflation
2022-01,Stagflation,Stagflation,Reflation,Stagflation,Stagflation,Stagflation,Reflation,Stagflation,Stagflation,Reflation
2022-02,Stagflation,Stagflation,Stagflation,Stagflation,Stagflation,Stagflation,Stagflation,Stagflation,Stagflation,Stagflation
2022-03,Reflation,Stagflation,Stagflation,Stagflation,Stagflation,Stagflation,Stagflation,Reflation,Stagflation,Stagflation
2022-04,Reflation,Reflation,Stagflation,Stagflation,Reflation,Stagflation,Stagflation,Reflation,Reflation,Stagflation
2022-05,Reflation,Reflation,Stagflation,Reflation,Reflation,Reflation,Stagflation,Stagflation,Reflation,Stagflation
2022-06,Reflation,Reflation,Reflation,Reflation,Reflation,Reflation,Reflation,Stagflation,Stagflation,Stagflation
2022-07,Reflation,Reflation,Reflation,Reflation,Reflation,Reflation,Reflation,Stagflation,Stagflation,Stagflation
2022-08,Reflation,Reflation,Reflation,Reflation,Reflation,Reflation,Reflation,Stagflation,Stagflation,Stagflation
2022-09,Stagflation,Stagflation,Reflation,Reflation,Reflation,Reflation,Reflation,Stagflation,Stagflation,Stagflation
2022-10,Goldilocks,Stagflation,Reflation,Reflation,Stagflation,Reflation,Reflation,Disinflation,Stagflation,Stagflation
2022-11,Disinflation,Disinflation,Reflation,Reflation,Goldilocks,Stagflation,Reflation,Disinflation,Disinflation,Stagflation
2022-12,Disinflation,Disinflation,Reflation,Reflation,Disinflation,Goldilocks,Stagflation,Disinflation,Disinflation,Stagflation
2023-01,Disinflation,Disinflation,Disinflation,Disinflation,Disinflation,Disinflation,Goldilocks,Disinflation,Disinflation,Stagflation
2023-02,Disinflation,Disinflation,Disinflation,Disinflation,Disinflation,Disinflation,Disinflation,Disinflation,Disinflation,Disinflation
2023-03,Disinflation,Disinflation,Disinflation,Disinflation,Disinflation,Disinflation,Disinflation,Disinflation,Disinflation,Disinflation
2023-04,Disinflation,Disinflation,Disinflation,Disinflation,Disinflation,Disinflation,Disinflation,Disinflation,Disinflation,Disinflation
2023-05,Disinflation,Disinflation,Disinflation,Disinflation,Disinflation,Disinflation,Disinflation,Disinflation,Disinflation,Disinflation
2023-06,Disinflation,Disinflation,Disinflation,Disinflation,Disinflation,Disinflation,Disinflation,Disinflation,Disinflation,Disinflation
2023-07,Disinflation,Disinflation,Disinflation,Disinflation,Disinflation,Disinflation,Disinflation,Disinflation,Disinflation,Disinflation
2023-08,Disinflation,Disinflation,Disinflation,Disinflation,Disinflation,Disinflation,Disinflation,Disinflation,Disinflation,Disinflation
2023-09,Disinflation,Disinflation,Disinflation,Disinflation,Disinflation,Disinflation,Disinflation,Disinflation,Disinflation,Disinflation
2023-10,Disinflation,Disinflation,Disinflation,Disinflation,Disinflation,Disinflation,Disinflation,Goldilocks,Disinflation,Disinflation
2023-11,Disinflation,Disinflation,Disinflation,Disinflation,Disinflation,Disinflation,Disinflation,Disinflation,Goldilocks,Disinflation
2023-12,Disinflation,Disinflation,Disinflation,Disinflation,Disinflation,Disinflation,Disinflation,Goldilocks,Disinflation,Disinflation
2024-01,Reflation,Disinflation,Disinflation,Disinflation,Disinflation,Disinflation,Disinflation,Reflation,Goldilocks,Disinflation
2024-02,Goldilocks,Goldilocks,Disinflation,Disinflation,Reflation,Disinflation,Disinflation,Disinflation,Reflation,Disinflation
2024-03,Disinflation,Goldilocks,Disinflation,Disinflation,Goldilocks,Reflation,Disinflation,Disinflation,Disinflation,Disinflation
2024-04,Goldilocks,Disinflation,Disinflation,Disinflation,Disinflation,Goldilocks,Reflation,Disinflation,Disinflation,Goldilocks
2024-05,Reflation,Goldilocks,Disinflation,Disinflation,Goldilocks,Disinflation,Goldilocks,Stagflation,Disinflation,Goldilocks
2024-06,Reflation,Reflation,Disinflation,Disinflation,Reflation,Goldilocks,Disinflation,Reflation,Stagflation,Goldilocks
2024-07,Goldilocks,Goldilocks,Disinflation,Disinflation,Reflation,Reflation,Goldilocks,Disinflation,Reflation,Goldilocks
2024-08,Goldilocks,Goldilocks,Disinflation,Disinflation,Goldilocks,Reflation,Reflation,Goldilocks,Disinflation,Goldilocks
2024-09,Goldilocks,Goldilocks,Goldilocks,Goldilocks,Goldilocks,Goldilocks,Reflation,Disinflation,Goldilocks,Goldilocks
2024-10,Disinflation,Goldilocks,Goldilocks,Goldilocks,Goldilocks,Goldilocks,Goldilocks,Disinflation,Disinflation,Goldilocks
2024-11,Goldilocks,Goldilocks,Goldilocks,Goldilocks,Disinflation,Goldilocks,Goldilocks,Goldilocks,Disinflation,Goldilocks
2024-12,Disinflation,Disinflation,Goldilocks,Goldilocks,Goldilocks,Disinflation,Goldilocks,Disinflation,Goldilocks,Goldilocks
2025-01,Disinflation,Disinflation,Goldilocks,Goldilocks,Disinflation,Goldilocks,Disinflation,Disinflation,Disinflation,Disinflation
2025-02,Reflation,Goldilocks,Goldilocks,Goldilocks,Disinflation,Disinflation,Goldilocks,Reflation,Disinflation,Disinflation
2025-03,Reflation,Reflation,Goldilocks,Goldilocks,Reflation,Disinflation,Disinflation,Reflation,Reflation,Disinflation
2025-04,Goldilocks,Reflation,Goldilocks,Goldilocks,Reflation,Reflation,Disinflation,Goldilocks,Reflation,Disinflation
2025-05,Goldilocks,Goldilocks,Goldilocks,Goldilocks,Goldilocks,Reflation,Reflation,Goldilocks,Goldilocks,Disinflation
2025-06,Goldilocks,Goldilocks,Goldilocks,Goldilocks,Goldilocks,Goldilocks,Reflation,Goldilocks,Goldilocks,Disinflation
2025-07,Goldilocks,Goldilocks,Goldilocks,Goldilocks,Goldilocks,Goldilocks,Goldilocks,Goldilocks,Goldilocks,Disinflation
2025-08,Goldilocks,Goldilocks,Goldilocks,Goldilocks,Goldilocks,Goldilocks,Goldilocks,Goldilocks,Goldilocks,Goldilocks
2025-09,Stagflation,Goldilocks,Goldilocks,Goldilocks,Goldilocks,Goldilocks,Goldilocks,Reflation,Goldilocks,Goldilocks
2025-10,Stagflation,Stagflation,Goldilocks,Goldilocks,Stagflation,Goldilocks,Goldilocks,Reflation,Reflation,Goldilocks
2025-11,Reflation,Stagflation,Goldilocks,Goldilocks,Stagflation,Stagflation,Goldilocks,Reflation,Reflation,Goldilocks
2025-12,Reflation,Reflation,Goldilocks,Goldilocks,Reflation,Stagflation,Stagflation,Reflation,Reflation,Goldilocks
2026-01,Reflation,Reflation,Goldilocks,Reflation,Reflation,Reflation,Stagflation,Goldilocks,Reflation,Reflation
2026-02,Goldilocks,Reflation,Reflation,Reflation,Reflation,Reflation,Reflation,Disinflation,Goldilocks,Reflation
2026-03,Goldilocks,Goldilocks,Reflation,Reflation,Goldilocks,Reflation,Reflation,Disinflation,Disinflation,Reflation
2026-04,Stagflation,Disinflation,Reflation,Reflation,Goldilocks,Goldilocks,Reflation,Stagflation,Disinflation,Reflation
2026-05,Stagflation,Stagflation,Reflation,Reflation,Stagflation,Goldilocks,Goldilocks,Stagflation,Stagflation,Reflation
2026-06,Stagflation,Stagflation,Reflation,Stagflation,Stagflation,Stagflation,Goldilocks,Stagflation,Stagflation,Reflation
2026-07,Stagflation,Stagflation,Stagflation,Stagflation,Stagflation,Stagflation,Stagflation,Reflation,Stagflation,Reflation
2026-08,Reflation,Stagflation,Stagflation,Stagflation,Stagflation,Stagflation,Stagflation,Reflation,Reflation,Stagflation
2026-09,,,,,Reflation,Stagflation,Stagflation,,,Stagflation
