,g,i,ip_obs,cpi_obs
1990-01,-2.319902319902334,-0.5221886208593984,1989-12,1989-12
1990-02,-2.7550642292490046,0.22340918514183183,1990-01,1990-01
1990-03,-1.9628197386846846,0.5572755417956543,1990-02,1990-02
1990-04,-0.8618835539188741,0.8924659114331934,1990-03,1990-03
1990-05,-1.0346795320727242,0.2191040926914578,1990-04,1990-04
1990-06,0.1701610137796017,-0.29315510362490915,1990-05,1990-05
1990-07,0.17419447937496724,0.0263473774663181,1990-06,1990-06
1990-08,2.1337529694075874,-0.3791610133264012,1990-07,1990-07
1990-09,0.6423118416260643,0.3548196333530429,1990-08,1990-08
1990-10,1.1963299162285779,0.9269664758789764,1990-09,1990-09
1990-11,1.579997640263242,1.5781923453046742,1990-10,1990-10
1990-12,-1.570738765702906,1.9129472964285688,1990-11,1990-11
1991-01,-2.9494811522700837,1.4326145871208507,1990-12,1990-12
1991-02,-3.34210639858481,0.8283402403751472,1991-01,1991-01
1991-03,-4.706338322103621,-0.3054775280898703,1991-02,1991-02
1991-04,-5.523899726554737,-1.2648951048950918,1991-03,1991-03
1991-05,-5.443446529029449,-1.4022992197575856,1991-04,1991-04
1991-06,-3.4756902928597233,-1.3212609152184696,1991-05,1991-05
1991-07,-1.6173142447097222,-1.4103449307373284,1991-06,1991-06
1991-08,-1.69902258173239,-1.203638605040891,1991-07,1991-07
1991-09,0.4991971974894205,-1.5131079027355776,1991-08,1991-08
1991-10,1.3208693876127775,-1.5039971332360125,1991-09,1991-09
1991-11,1.4862274527645325,-1.9661613828331204,1991-10,1991-10
1991-12,2.280549830266998,-1.964023749693422,1991-11,1991-11
1992-01,3.1028440901758048,-1.6316449010449485,1991-12,1991-12
1992-02,2.177141963727358,-1.847555583915983,1992-01,1992-01
1992-03,3.6815541295479037,-0.9804009993416019,1992-02,1992-02
1992-04,4.084388185654008,-0.2059225766836814,1992-03,1992-03
1992-05,3.9241188672166305,0.2591250581743143,1992-04,1992-04
1992-06,2.440311304577225,0.03406219823538503,1992-05,1992-05
1992-07,0.6522026401079462,0.02396025674842317,1992-06,1992-06
1992-08,0.7400555041628287,0.5568247027686546,1992-07,1992-07
1992-09,-0.8635551350783199,0.32888591525432886,1992-08,1992-08
1992-10,-2.2916886311720397,-0.19684699276536488,1992-09,1992-09
1992-11,-1.9109494412479666,0.02185559374003887,1992-10,1992-10
1992-12,-0.869513051824744,0.024296680666680004,1992-11,1992-11
1993-01,1.7680462199822555,-0.18758264727209983,1992-12,1992-12
1993-02,2.9249895430712547,0.10138644771020555,1993-01,1993-01
1993-03,3.272526257600883,0.0988762335760951,1993-02,1993-02
1993-04,3.627964718308885,0.09852469343800685,1993-03,1993-03
1993-05,1.1971754714633631,0.023477485091794037,1993-04,1993-04
1993-06,0.22957111616905834,0.17329275983266612,1993-05,1993-05
1993-07,-0.14353678974967643,0.09506775258385503,1993-06,1993-06
1993-08,-1.0352490009497783,-0.48270761555528896,1993-07,1993-07
1993-09,-0.1470826674078829,-0.4788327357525324,1993-08,1993-08
1993-10,0.25841037493579133,-0.3975493685188569,1993-09,1993-09
1993-11,0.5150845566518569,-0.47545384230403,1993-10,1993-10
1993-12,1.1478193507333367,-0.5451319225301621,1993-11,1993-11
1994-01,0.43791257341856404,-0.2473060231080293,1993-12,1993-12
1994-02,0.9229534510433401,-0.25125653222062283,1994-01,1994-01
1994-03,0.4123253320346798,-0.25219724056047,1994-02,1994-02
1994-04,0.6819034623912534,-0.18234972903814484,1994-03,1994-03
1994-05,0.8843523097969097,-0.38924149819774545,1994-04,1994-04
1994-06,1.3903298917149254,-0.38756812720988076,1994-05,1994-05
1994-07,1.2099454859725967,-0.25533958407759627,1994-06,1994-06
1994-08,0.7357385626096224,0.2455389229699234,1994-07,1994-07
1994-09,2.020083719017962,0.3848292157475841,1994-08,1994-08
1994-10,1.285060851098585,0.45650967827393085,1994-09,1994-09
1994-11,1.725037303021848,0.2469877221078276,1994-10,1994-10
1994-12,0.046231536082363966,0.38640890852323917,1994-11,1994-11
1995-01,0.011728783607867221,0.18182232709778035,1994-12,1994-12
1995-02,0.7415307012081263,0.03429446248641721,1995-01,1995-01
1995-03,-0.09436929852155718,-0.03756680111624,1995-02,1995-02
1995-04,-1.232323232323207,-0.11021259700954023,1995-03,1995-03
1995-05,-2.2633665067681275,0.44481839880274876,1995-04,1995-04
1995-06,-2.8234886930099234,0.5115435586245498,1995-05,1995-05
1995-07,-3.5605041892630807,0.3656434211990023,1995-06,1995-06
1995-08,-3.7417555102179145,-0.041574330478133525,1995-07,1995-07
1995-09,-2.3482781762875327,-0.24553602064205649,1995-08,1995-08
1995-10,-1.6060077547314089,-0.3097535067807744,1995-09,1995-09
1995-11,-1.1782168633229784,-0.24355268352671544,1995-10,1995-10
1995-12,-1.3253288602454338,-0.5812302571243988,1995-11,1995-11
1996-01,-1.7242833199179186,-0.5021303868999238,1995-12,1995-12
1996-02,-2.536141437003492,-0.03492565632436939,1996-01,1996-01
1996-03,-1.5525776202425234,0.03331242967250514,1996-02,1996-02
1996-04,-1.7940818099101197,0.29665115769108574,1996-03,1996-03
1996-05,0.6352767888671673,0.08727797948395732,1996-04,1996-04
1996-06,1.5548706440942306,0.28572256207552993,1996-05,1996-05
1996-07,2.4720510369421245,0.21568820701509672,1996-06,1996-06
1996-08,3.293600113523487,0.22294209395417042,1996-07,1996-07
1996-09,1.3687511677478614,0.22693574762457924,1996-08,1996-08
1996-10,2.1070429384902,0.16245244558190652,1996-09,1996-09
1996-11,1.04711265459978,0.09620067306206348,1996-10,1996-10
1996-12,1.0245182356983795,0.36427535041609893,1996-11,1996-11
1997-01,1.0116770146338272,0.568377209376858,1996-12,1996-12
1997-02,1.3133329297782215,0.09322177864603542,1997-01,1997-01
1997-03,0.9366405803706401,0.15651778125593818,1997-02,1997-02
1997-04,2.998842990712647,-0.24088970722635494,1997-03,1997-03
1997-05,0.8230971128608822,-0.497641665532389,1997-04,1997-04
1997-06,0.2753911744973747,-1.0202147190293775,1997-05,1997-05
1997-07,-0.5344478216818604,-1.0250920346145609,1997-06,1997-06
1997-08,-1.0813267396897253,-0.8147420877198552,1997-07,1997-07
1997-09,0.7073889592078997,-0.8091679433894328,1997-08,1997-08
1997-10,0.5702449128792697,-0.6070951498323707,1997-09,1997-09
1997-11,1.2193505932240445,-0.4105521356349673,1997-10,1997-10
1997-12,1.3290128674743995,-0.4064942448209763,1997-11,1997-11
1998-01,2.0865376789303003,-0.594987570726957,1997-12,1997-12
1998-02,0.7312150331043821,-0.6579605824162282,1998-01,1998-01
1998-03,-0.03151059311998772,-0.7839449227008854,1998-02,1998-02
1998-04,-0.7718244488430726,-0.7796261089987322,1998-03,1998-03
1998-05,-1.8628347201607998,-0.6489440315839978,1998-04,1998-04
1998-06,-1.2607279902192126,-0.14205339821500296,1998-05,1998-05
1998-07,-2.0652126594401743,-0.01805410567672361,1998-06,1998-06
1998-08,-3.5112254458890657,0.11090421001309636,1998-07,1998-07
1998-09,-1.1437882843633895,0.17581266599333567,1998-08,1998-08
1998-10,-2.0216430521253326,0.11383374689828418,1998-09,1998-09
1998-11,-2.8825178283024444,0.049443146561833906,1998-10,1998-10
1998-12,-3.6369380062506007,-0.13845835516890226,1998-11,1998-11
1999-01,-1.649947081188241,-0.07243857321148628,1998-12,1998-12
1999-02,-1.0674941534073445,-0.011450911446275747,1999-01,1999-01
1999-03,-1.756056049558996,-0.010985836721277842,1999-02,1999-02
1999-04,-1.039181420605595,0.23743012486499016,1999-03,1999-03
1999-05,-0.3411656532420926,0.7917745620715788,1999-04,1999-04
1999-06,-0.10266251347481603,0.5404644723530083,1999-05,1999-05
1999-07,1.2215890059339873,0.35128689824621695,1999-06,1999-06
1999-08,1.9899847978287477,0.47381576392933056,1999-07,1999-07
1999-09,0.6504053721673841,0.6584522987806096,1999-08,1999-08
1999-10,0.36097690571499363,0.9020979864274414,1999-09,1999-09
1999-11,0.9666868383329197,0.28405253283303455,1999-10,1999-10
1999-12,1.3899990516575755,0.5334991310601334,1999-11,1999-11
2000-01,1.129146845356832,0.7213735743401894,1999-12,1999-12
2000-02,0.872420747495517,0.5942844271001224,2000-01,2000-01
2000-03,2.5816953453687397,0.9575026135353326,2000-02,2000-02
2000-04,1.6616350213602304,1.129213899385051,2000-03,2000-03
2000-05,2.323099741064505,0.5076164480056544,2000-04,2000-04
2000-06,1.688363854263386,0.5669777816911692,2000-05,2000-05
2000-07,1.1479951939806776,1.0458814883014922,2000-06,2000-06
2000-08,0.529651013224175,0.9203758761333614,2000-07,2000-07
2000-09,0.5309208910054597,0.18924656076573232,2000-08,2000-08
2000-10,0.3170875115437344,-0.3031385925966079,2000-09,2000-09
2000-11,-0.727926761654385,0.37968380430721815,2000-10,2000-10
2000-12,-1.6367465486970767,0.2572979744353443,2000-11,2000-11
2001-01,-3.558696205755041,-0.3436359775285558,2000-12,2000-12
2001-02,-3.287286924029398,0.07295934178090935,2001-01,2001-01
2001-03,-4.737793333659335,0.1224378453476671,2001-02,2001-02
2001-04,-5.2300393209483875,-0.533876417315593,2001-03,2001-03
2001-05,-6.045277021657891,-0.1791573565231408,2001-04,2001-04
2001-06,-7.225072387167919,0.16893337421550747,2001-05,2001-05
2001-07,-6.802376122862929,-0.13854940837334517,2001-06,2001-06
2001-08,-4.923341712525742,-1.0123200807442556,2001-07,2001-07
2001-09,-5.540228083969656,-0.8136614971862466,2001-08,2001-08
2001-10,-5.701185127664687,-0.2723166486422457,2001-09,2001-09
2001-11,-5.15945669026755,-1.1426817239366338,2001-10,2001-10
2001-12,-2.556436988754718,-1.7196979719105165,2001-11,2001-11
2002-01,-1.101610957960041,-1.696535722857817,2001-12,2001-12
2002-02,-0.9786375160983685,-1.577702952810034,2002-01,2002-01
2002-03,0.45564557310777687,-1.5822509796485695,2002-02,2002-02
2002-04,2.784811695455946,-1.1726481852869064,2002-03,2002-03
2002-05,3.906501208206181,-0.487092519314114,2002-04,2002-04
2002-06,4.274197298365556,-0.7136953548711134,2002-05,2002-05
2002-07,6.002938470433283,-0.48430840759394744,2002-06,2002-06
2002-08,4.591715519443096,0.32258427779701115,2002-07,2002-07
2002-09,4.120209059233448,0.6651604736496175,2002-08,2002-08
2002-10,4.453140592118398,0.03870582490832497,2002-09,2002-09
2002-11,3.4154673867460517,0.38654206297223936,2002-10,2002-10
2002-12,3.090471430074704,1.0166546229251505,2002-11,2002-11
2003-01,2.393757381278294,1.3094942866408443,2002-12,2002-12
2003-02,1.3860649640466072,1.1326138650082251,2003-01,2003-01
2003-03,1.1979213198725303,1.1780604889177537,2003-02,2003-02
2003-04,-0.7266891600193892,1.505832489545167,2003-03,2003-03
2003-05,-1.3678722954225786,0.1988077792933085,2003-04,2003-04
2003-06,-2.562872975277075,-0.14057959927917807,2003-05,2003-05
2003-07,-2.470157438056475,-0.2646254144209603,2003-06,2003-06
2003-08,-2.993324783795326,-0.48746367458194495,2003-07,2003-07
2003-09,-2.3619462298707483,-0.8226040090312248,2003-08,2003-08
2003-10,-0.9957727248857906,-0.6996922392376259,2003-09,2003-09
2003-11,1.3524896737893033,-0.18387777803001715,2003-10,2003-10
2003-12,2.3403189080836384,-0.2928117102596772,2003-11,2003-11
2004-01,3.8727474943378914,-0.23279317082671724,2003-12,2003-12
2004-02,2.96593218698582,-0.1836868589791596,2004-01,2004-01
2004-03,3.2262886349390008,-0.46520948178652155,2004-02,2004-02
2004-04,3.1596556611882542,-0.5831998608286648,2004-03,2004-03
2004-05,4.0930849105236256,0.24427616530833252,2004-04,2004-04
2004-06,4.7439502943100065,1.2867407807073183,2004-05,2004-05
2004-07,3.37596580634556,1.3867034512311083,2004-06,2004-06
2004-08,2.535516712983421,1.0645037817267555,2004-07,2004-07
2004-09,2.272382042008836,0.9613239661470319,2004-08,2004-08
2004-10,1.1438215343769764,0.800554848120294,2004-09,2004-09
2004-11,0.46485631049346665,0.904096697350254,2004-10,2004-10
2004-12,-1.4733875513326389,0.4712641131860984,2004-11,2004-11
2005-01,-0.3914501547827909,-0.010633298588058615,2004-12,2004-12
2005-02,-0.8167783819704955,-0.02099342656176617,2005-01,2005-01
2005-03,-1.480872069107364,0.3531309313370201,2005-02,2005-02
2005-04,-0.0970129920239815,0.6105488081764587,2005-03,2005-03
2005-05,-1.3416642448900618,0.32144910868314724,2005-04,2005-04
2005-06,-1.04272539055148,-0.7202853625574823,2005-05,2005-05
2005-07,-0.43217320172161955,-0.725250566977409,2005-06,2005-06
2005-08,-1.0437595465812022,0.19813620823745381,2005-07,2005-07
2005-09,-0.21943573667710936,0.6336421528755798,2005-08,2005-08
2005-10,-1.956009111175594,1.5383314141071747,2005-09,2005-09
2005-11,-1.092045950269016,0.8371877890841706,2005-10,2005-10
2005-12,0.5444743935310026,0.6527475144041173,2005-11,2005-11
2006-01,-0.8302901033082399,0.8853484676277557,2005-12,2005-12
2006-02,0.037685420285971105,0.8174186249847004,2006-01,2006-01
2006-03,0.1249423037132491,-0.043663556750273,2006-02,2006-02
2006-04,1.6365721014823587,-1.3240284659854495,2006-03,2006-03
2006-05,2.299995767852603,-0.8020912462576524,2006-04,2006-04
2006-06,1.1686167035592332,0.7111692844677275,2006-05,2006-05
2006-07,1.0568027131410584,0.9031065818144057,2006-06,2006-06
2006-08,1.6209348145115543,0.16002563415826732,2006-07,2006-07
2006-09,1.62350689836106,0.2212398777579505,2006-08,2006-08
2006-10,1.8690621913730388,-1.3002744870672434,2006-09,2006-09
2006-11,0.31840337060087265,-2.2405139571647137,2006-10,2006-10
2006-12,-0.24449199418770107,-2.1929824561403466,2006-11,2006-11
2007-01,-1.2622977286841586,-1.7781156603339898,2006-12,2006-12
2007-02,-2.0933794504387704,-2.069699921182666,2007-01,2007-01
2007-03,-1.1718192506609437,-1.4035384787267846,2007-02,2007-02
2007-04,-3.7764220656470338,0.7164045333059255,2007-03,2007-03
2007-05,-2.681565562804633,1.2684763869373228,2007-04,2007-04
2007-06,-1.4268237192255118,0.7171799870045348,2007-05,2007-05
2007-07,-1.5009473071167179,0.14638754322486847,2007-06,2007-06
2007-08,-0.9583796185580695,0.2825879930267172,2007-07,2007-07
2007-09,-1.1447491367052587,-0.44511541794594045,2007-08,2007-08
2007-10,-0.22103386809271264,-0.023727029148412626,2007-09,2007-09
2007-11,-0.19805487569237723,0.96247715965736,2007-10,2007-10
2007-12,0.2588685318248185,1.6153392764145513,2007-11,2007-11
2008-01,0.1744299962246787,1.394230633026261,2007-12,2007-12
2008-02,0.5462411640389631,1.9220630896704005,2008-01,2008-01
2008-03,-0.3555555555555534,2.0564720388456914,2008-02,2008-02
2008-04,-0.7370119585016432,1.226404481621346,2008-03,2008-03
2008-05,-1.7341315791634893,0.40071534469867665,2008-04,2008-04
2008-06,-2.6471677156608697,-0.1306604321418936,2008-05,2008-05
2008-07,-1.7270704154678906,0.9405214648565474,2008-06,2008-06
2008-08,-2.7286625032526546,1.3198288523526003,2008-07,2008-07
2008-09,-3.1468164188752423,1.3452997022136204,2008-08,2008-08
2008-10,-5.901635112986681,0.9554711993204901,2008-09,2008-09
2008-11,-4.385405083079497,-0.28170349769001124,2008-10,2008-10
2008-12,-5.701106271008316,-3.1059683499961244,2008-11,2008-11
2009-01,-7.739414887839657,-4.930377146966136,2008-12,2008-12
2009-02,-9.3212382643999,-5.570276396558671,2009-01,2009-01
2009-03,-9.255660857397274,-5.135664027224474,2009-02,2009-02
2009-04,-6.295442908346128,-5.320483685489574,2009-03,2009-03
2009-05,-7.854658967764895,-4.392071992354218,2009-04,2009-04
2009-06,-6.947758445767638,-2.3510104907660034,2009-05,2009-05
2009-07,-4.69015936871422,-1.5181889443354746,2009-06,2009-06
2009-08,-2.1797204692399994,-2.1270078573713436,2009-07,2009-07
2009-09,0.5334249084249176,-1.72053969999848,2009-08,2009-08
2009-10,6.443746750937096,-0.9026497117253562,2009-09,2009-09
2009-11,5.2761235812083145,0.5540374377305923,2009-10,2009-10
2009-12,7.945792562251331,3.1197316680888987,2009-11,2009-11
2010-01,11.173856431159413,4.148107169895699,2009-12,2009-12
2010-02,13.22726186856623,4.722869996633672,2010-01,2010-01
2010-03,11.87681905204565,3.6276803901059695,2010-02,2010-02
2010-04,9.812422355395466,3.6001654135866867,2010-03,2010-03
2010-05,12.1207365557648,2.4192954731342087,2010-04,2010-04
2010-06,12.55018964942629,0.18269021496368776,2010-05,2010-05
2010-07,9.725596041385531,-1.6679821533601702,2010-06,2010-06
2010-08,6.156528763218483,-1.39051586465615,2010-07,2010-07
2010-09,3.890454679999489,-0.9952272163061604,2010-08,2010-08
2010-10,1.0720660882560518,-1.1702767887846743,2010-09,2010-09
2010-11,-0.3627395973329506,-1.0642595901211305,2010-10,2010-10
2010-12,-2.6641365031096367,-0.8778251725237052,2010-11,2010-11
2011-01,-2.3889149958228773,0.4423745544686497,2010-12,2010-12
2011-02,-2.760264326725159,0.3966540791473072,2011-01,2011-01
2011-03,-1.0810606727998051,0.9594800668189629,2011-02,2011-02
2011-04,-0.41135335252984184,1.5379206060815775,2011-03,2011-03
2011-05,-0.9696914081959163,1.9914432537495141,2011-04,2011-04
2011-06,-2.584206736538941,2.4254848730642875,2011-05,2011-05
2011-07,-3.3606305267205094,2.063104724928033,2011-06,2011-06
2011-08,-2.070785969389033,1.9968691247723047,2011-07,2011-07
2011-09,-1.936516270987254,1.6636235504616126,2011-08,2011-08
2011-10,-2.027268397237414,1.1867535767994486,2011-09,2011-09
2011-11,-0.5578814365818197,0.3615690620809353,2011-10,2011-10
2011-12,0.27163661057874045,-0.1742681938337043,2011-11,2011-11
2012-01,-0.528677705783509,-0.5964094073712456,2011-12,2011-12
2012-02,-0.29384399210086176,-0.7034992700702292,2012-01,2012-01
2012-03,0.26373626373625836,-0.90010939868157,2012-02,2012-02
2012-04,0.4771227850808746,-1.216958648018518,2012-03,2012-03
2012-05,1.0123449180047928,-1.2224601100584653,2012-04,2012-04
2012-06,0.6881355213601115,-1.6901238158632648,2012-05,2012-05
2012-07,0.8308107932168296,-1.2984250826325816,2012-06,2012-06
2012-08,-0.06608525458366987,-1.5167660079254963,2012-07,2012-07
2012-09,-2.440348443757423,-1.1787197828880602,2012-08,2012-08
2012-10,-0.8977498224981284,-0.66011611235679,2012-09,2012-09
2012-11,-3.2842346268779243,-0.14039621242780687,2012-10,2012-10
2012-12,-2.2126162591300735,0.059880071148255,2012-11,2012-11
2013-01,-2.2172218868338867,0.0770286065090442,2012-12,2012-12
2013-02,-2.1894575304771235,0.18641396389720288,2013-01,2013-01
2013-03,-0.500720468971716,0.28554451219890975,2013-02,2013-02
2013-04,0.5655821187678267,-0.5173858680682208,2013-03,2013-03
2013-05,-0.3599438997518689,-1.0992582173816823,2013-04,2013-04
2013-06,-1.6153721068892457,-0.4021687872341584,2013-05,2013-05
2013-07,-0.7674928960805794,0.013394176629333288,2013-06,2013-06
2013-08,-0.7470348658872972,0.3658169437218417,2013-07,2013-07
2013-09,0.5142854701000843,-0.4595559502058588,2013-08,2013-08
2013-10,-0.028964673825604415,-0.28897095104460924,2013-09,2013-09
2013-11,1.3450008102414701,-0.09947267684604633,2013-10,2013-10
2013-12,1.305231950835184,-0.12489285431778185,2013-11,2013-11
2014-01,1.5032689334907756,-0.2526809257584972,2013-12,2013-12
2014-02,1.41689759941237,-0.3817342434233373,2014-01,2014-01
2014-03,-0.05855388630509051,-0.39201830943766947,2014-02,2014-02
2014-04,0.33050261574816275,0.32727761421091905,2014-03,2014-03
2014-05,-0.1731545277373181,0.989245193873356,2014-04,2014-04
2014-06,1.1723443407136491,0.8900393454027711,2014-05,2014-05
2014-07,1.0652365559800314,0.5706057535486586,2014-06,2014-06
2014-08,2.0830266149744148,0.4133812673432491,2014-07,2014-07
2014-09,0.766666666666671,0.5732620840573022,2014-08,2014-08
2014-10,0.751323649029656,0.14571579995195094,2014-09,2014-09
2014-11,0.13996787033041524,-0.2885176828847147,2014-10,2014-10
2014-12,0.9008687231872425,-0.8047563675657843,2014-11,2014-11
2015-01,0.3047623565126889,-1.3158481035113079,2014-12,2014-12
2015-02,-0.29366723539656636,-2.081676948833955,2015-01,2015-01
2015-03,-1.0786901270772198,-1.7247411359781362,2015-02,2015-02
2015-04,-2.4318615472487926,-1.7315560665814633,2015-03,2015-03
2015-05,-2.3278885197489885,-1.8638576618087321,2015-04,2015-04
2015-06,-3.482298924031735,-1.3622879272216726,2015-05,2015-05
2015-07,-3.0890005824200095,-0.6327220659702926,2015-06,2015-06
2015-08,-3.146509521151497,0.2589180927128676,2015-07,2015-07
2015-09,-2.5257010236825472,0.22020909482103335,2015-08,2015-08
2015-10,-2.012891744968681,0.037507643060463725,2015-09,2015-09
2015-11,-1.7227036271390883,0.37009188191224895,2015-10,2015-10
2015-12,-2.631792433530611,0.5417303235186632,2015-11,2015-11
2016-01,-2.706963506452853,0.6057485823561359,2015-12,2015-12
2016-02,-2.0630043201160575,1.2035170341877732,2016-01,2016-01
2016-03,-2.343718462432254,0.8227204871597449,2016-02,2016-02
2016-04,-1.7064304179233103,0.8886659689487098,2016-03,2016-03
2016-05,-0.7608132608132756,0.9545359831588662,2016-04,2016-04
2016-06,0.7285223367697546,0.517524975525685,2016-05,2016-05
2016-07,1.584786763159185,0.26780670848149946,2016-06,2016-06
2016-08,0.8463739604757325,-0.5459479433322922,2016-07,2016-07
2016-09,0.2800669585372284,0.04507472259556167,2016-08,2016-08
2016-10,0.9458869490465149,0.6112474263388235,2016-09,2016-09
2016-11,0.5689881165166222,0.5108771020231773,2016-10,2016-10
2016-12,0.6639325586694111,0.6732146083102242,2016-11,2016-11
2017-01,1.24422526948742,1.0772956384438315,2016-12,2016-12
2017-02,1.0435610784825022,1.672903338554299,2017-01,2017-01
2017-03,1.423719958202696,1.6750836687282833,2017-02,2017-02
2017-04,2.712607087683161,0.9168287859587121,2017-03,2017-03
2017-05,2.907228825596153,0.5637023574996958,2017-04,2017-04
2017-06,2.623636815208963,0.18234055833756813,2017-05,2017-05
2017-07,1.1622218514675042,-0.44113417771045604,2017-06,2017-06
2017-08,2.2286821705426396,-0.7720637526805074,2017-07,2017-07
2017-09,1.164669683189934,-0.7989839594311432,2017-08,2017-08
2017-10,0.18754439971584436,-0.1476485684370532,2017-09,2017-09
2017-11,0.7692611928492132,-0.15856117644112988,2017-10,2017-10
2017-12,1.164006458614586,0.3277052178418227,2017-11,2017-11
2018-01,1.4306965757098222,0.4755945193119615,2017-12,2017-12
2018-02,1.8306931805415205,0.34252916390267174,2018-01,2018-01
2018-03,2.8845425371815114,0.2728212091804849,2018-02,2018-02
2018-04,3.1059337055535874,0.12674753896968483,2018-03,2018-03
2018-05,0.8270863458499589,0.4216152413586416,2018-04,2018-04
2018-06,0.03343860652895714,0.5984287761243712,2018-05,2018-05
2018-07,0.8389374957828322,0.7624653607482657,2018-06,2018-06
2018-08,1.4178359544213315,0.8790074663719505,2018-07,2018-07
2018-09,1.2246089898208412,0.4873846829487771,2018-08,2018-08
2018-10,1.5329325271921546,-0.0827392097739077,2018-09,2018-09
2018-11,0.2457728179495966,0.05972598527221873,2018-10,2018-10
2018-12,0.9042447486677707,-0.6244106826551521,2018-11,2018-11
2019-01,0.40702820241047544,-0.9613889866853187,2018-12,2018-12
2019-02,-0.35551273691694085,-1.398279948447989,2019-01,2019-01
2019-03,-1.8380657487317986,-1.1790448382541285,2019-02,2019-02
2019-04,-2.6767401407171043,-0.4144494536298282,2019-03,2019-03
2019-05,-3.1477552792247954,-0.526030153076773,2019-04,2019-04
2019-06,-2.0005470862397345,-0.386372563386006,2019-05,2019-05
2019-07,-2.555865073373087,-0.2616741925551169,2019-06,2019-06
2019-08,-3.114806734165243,0.2602296681943894,2019-07,2019-07
2019-09,-2.4489621081668966,0.22964462349583936,2019-08,2019-08
2019-10,-2.4190348837505815,-0.15121822739965207,2019-09,2019-09
2019-11,-1.8312732630403228,-0.232396831108872,2019-10,2019-10
2019-12,-2.3999595540837637,0.2610495131252222,2019-11,2019-11
2020-01,-2.1016268179280817,0.6366450840454618,2019-12,2019-12
2020-02,-1.1854239726868498,0.675107148856946,2020-01,2020-01
2020-03,-0.36529680365298134,0.5850936745168012,2020-02,2020-02
2020-04,-5.287146763901552,-0.171977521249711,2020-03,2020-03
2020-05,-14.226945262999724,-1.4349462580845573,2020-04,2020-04
2020-06,-14.748976513682411,-1.9333516116809113,2020-05,2020-05
2020-07,-9.982231163627164,-1.6393966925662307,2020-06,2020-06
2020-08,-7.340214836774505,-1.5004901299467521,2020-07,2020-07
2020-09,-7.4605812849106385,-1.0252281816152342,2020-08,2020-08
2020-10,-2.5657355261131443,-0.1680021308633428,2020-09,2020-09
2020-11,10.917431192660551,0.8529694813906641,2020-10,2020-10
2020-12,10.204795204795214,1.0566094140572524,2020-11,2020-11
2021-01,6.875192344420988,0.7162724471638349,2020-12,2020-12
2021-02,4.767948214327667,0.4136879162563778,2021-01,2021-01
2021-03,2.1608265686097416,0.36656983504379514,2021-02,2021-02
2021-04,7.171353040134587,1.2484376479027226,2021-03,2021-03
2021-05,21.108252861320167,2.977628670974619,2021-04,2021-04
2021-06,21.139448786507607,3.818170753326511,2021-05,2021-05
2021-07,13.006803425887536,4.029445918602015,2021-06,2021-06
2021-08,8.214696296481561,3.9657054978253115,2021-07,2021-07
2021-09,10.780808818004083,3.575056337500482,2021-08,2021-08
2021-10,2.7544611789368734,2.7705863461199742,2021-09,2021-09
2021-11,-12.638743404002108,2.062174064626787,2021-10,2021-10
2021-12,-11.186652853319522,1.816296302212006,2021-11,2021-11
2022-01,-6.5351100283771455,1.6449514522238085,2021-12,2021-12
2022-02,-2.5138184215938386,2.1143972289037194,2022-01,2022-01
2022-03,2.0465647566837886,2.619792342864291,2022-02,2022-02
2022-04,0.9456404373059613,3.1521066997632685,2022-03,2022-03
2022-05,1.5861884725839825,2.0367604375534745,2022-04,2022-04
2022-06,0.8675342008675369,1.772508703870046,2022-05,2022-05
2022-07,0.41995519664035363,2.0233550992390104,2022-06,2022-06
2022-08,1.0454749150894616,1.0449422773364025,2022-07,2022-07
2022-09,-3.294022044022027,0.3916286053769582,2022-08,2022-08
2022-10,0.6585466180085486,-0.34078591100881184,2022-09,2022-09
2022-11,-2.099097483712864,-0.5132020100774506,2022-10,2022-10
2022-12,-1.9578372431136914,-1.4711887494847975,2022-11,2022-11
2023-01,-2.120905536667328,-2.6053566333733347,2022-12,2022-12
2023-02,-2.686400262476085,-2.1146677767692523,2023-01,2023-01
2023-03,-3.862973760932964,-2.227079425249644,2023-02,2023-02
2023-04,-3.952154758681803,-3.2166955217344473,2023-03,2023-03
2023-05,-2.896175287367475,-2.815106932615996,2023-04,2023-04
2023-06,-1.6829178265483469,-3.0627135213997514,2023-05,2023-05
2023-07,-1.0815030837361461,-3.485223676851934,2023-06,2023-06
2023-08,-1.679134935802007,-3.2323667909140985,2023-07,2023-07
2023-09,-0.5942580777937856,-2.370500693467048,2023-08,2023-08
2023-10,-0.09850359373160256,-1.2852760007547426,2023-09,2023-09
2023-11,-1.0660876502419647,-1.6891757462957235,2023-10,2023-10
2023-12,-0.4852491064925024,-0.9103385639501971,2023-11,2023-11
2024-01,1.3747056086645837,0.382945176871341,2023-12,2023-12
2024-02,0.0005677651344848655,-0.08689539671411506,2024-01,2024-01
2024-03,-0.19549843601249783,-0.5119412635379517,2024-02,2024-02
2024-04,0.19323671497585293,-0.22231305130639978,2024-03,2024-03
2024-05,0.3860974914908666,0.11621929822596133,2024-04,2024-04
2024-06,0.5827133402896756,0.13175834809824316,2024-05,2024-05
2024-07,0.7766453831041353,-0.3807257241669193,2024-06,2024-06
2024-08,0.9744653804126813,-0.19613158273674713,2024-07,2024-07
2024-09,0.09727626459143934,-0.6224408244046353,2024-08,2024-08
2024-10,-0.38580915395075577,-1.0367520389680474,2024-09,2024-09
2024-11,0.4827961376309031,-0.7594590452044914,2024-10,2024-10
2024-12,-0.8746355685131268,-0.5196486608494588,2024-11,2024-11
2025-01,-0.2941109283625565,-0.08333988728324027,2024-12,2024-12
2025-02,2.552402612605287,0.10572991365880302,2025-01,2025-01
2025-03,1.5575579621792568,0.29081865529054785,2025-02,2025-02
2025-04,2.0434916062616604,-0.04990777717348571,2025-03,2025-03
2025-05,1.8547072977582735,-0.2866160432411835,2025-04,2025-04
2025-06,1.4571598403577912,-0.3944838606158907,2025-05,2025-05
2025-07,0.2877743999667892,-0.21884420175775077,2025-06,2025-06
2025-08,0.0841042893187538,-0.2955807149987111,2025-07,2025-07
2025-09,-0.29466539359621624,0.09462533255089056,2025-08,2025-08
2025-10,-0.29466539359621624,0.621951521629116,2025-08,2025-09
2025-11,0.09880716416488244,0.5829277737363192,2025-08,2025-10
2025-12,2.41851533579458,0.3801879196479563,2025-11,2025-11
2026-01,1.3993697796600424,0.007867509652692561,2025-12,2025-12
2026-02,0.2978021978021772,-0.31847115224707956,2026-01,2026-01
2026-03,0.2884604017165726,-0.5020612976679883,2026-02,2026-02
2026-04,-1.1117284073096645,0.24374366356270105,2026-03,2026-03
2026-05,-0.32377515669346213,0.9166282967119521,2026-04,2026-04
2026-06,-0.127825471368892,1.513589584041819,2026-05,2026-05
2026-07,-0.1126669253323831,0.8543445359113777,2026-06,2026-06
2026-08,0.1803887966792761,0.9783937965755829,2026-07,2026-07
